"","1972","1973","1974","1975","1976","1977","1978","1979","1980","1981","1982","1983","1984","1985","1986","1987","1988","1989","1990","1991","1992","1993","1994","1995","1996","1997","1998","1999","2000","2001","2002","2003","2004","2005","2006","2007","2008","2009","2010","2011","2012","2013","2014","2015","2016","2017","2018","2019","2020","2021"
"1","Sammy-Davis-Jr-with-The-Mike-Curb-Congregation","Paul-McCartney-And-Wings","Paul-McCartney-And-Wings","John-Denver","Diana-Ross","KC-And-The-Sunshine-Band","John-Travolta-Olivia-Newton-John","Bee-Gees","Lipps-Inc","Kim-Carnes","Paul-McCartney-And-Stevie-Wonder","Irene-Cara","Cyndi-Lauper","Tears-For-Fears","Madonna","Kim-Wilde","George-Michael","Bette-Midler","Wilson-Phillips","Extreme","Kris-Kross","Janet-Jackson","All-4-One","Bryan-Adams","Bone-Thugs-N-Harmony","Hanson","Brandy-Monica","Ricky-Martin","Santana-Featuring-The-Product-G-B","Christina-Aguilera-Lil-Kim-Mya-P-nk","Ashanti","50-Cent-Featuring-Nate-Dogg","Usher","Mariah-Carey","Chamillionaire-Featuring-Krayzie-Bone","Rihanna-Featuring-Jay-Z","Lil-Wayne-Featuring-Static-Major","The-Black-Eyed-Peas","Usher-Featuring-will-i-am","Adele","Gotye-Featuring-Kimbra","Macklemore-Ryan-Lewis-Featuring-Ray-Dalton","Iggy-Azalea-Featuring-Charli-XCX","Taylor-Swift-Featuring-Kendrick-Lamar","Drake-Featuring-WizKid-Kyla","Luis-Fonsi-Daddy-Yankee-Featuring-Justin-Bieber","Drake","Lil-Nas-X-Featuring-Billy-Ray-Cyrus","Lady-Gaga-Ariana-Grande","BTS"
"2","The-Staple-Singers","Edgar-Winter-Group","Ray-Stevens","America","Wings","Fleetwood-Mac","Andy-Gibb","Donna-Summer","Paul-McCartney-And-Wings","Smokey-Robinson","Rick-Springfield","David-Bowie","Deniece-Williams","Wham","Patti-LaBelle-Michael-McDonald","Atlantic-Starr","Rick-Astley","New-Kids-On-The-Block","Madonna","Color-Me-Badd","Red-Hot-Chili-Peppers","Silk","Madonna","Montell-Jordan","Mariah-Carey","Mark-Morrison","Next","Jennifer-Lopez","Marc-Anthony","Janet","P-Diddy-Featuring-Usher-Loon","Sean-Paul","Mario-Winans-Featuring-Enya-P-Diddy","Gwen-Stefani","Daniel-Powter","Shop-Boyz","Leona-Lewis","Lady-Gaga","B-o-B-Featuring-Hayley-Williams","Pitbull-Featuring-Ne-Yo-Afrojack-Nayer","Carly-Rae-Jepsen","P-nk-Featuring-Nate-Ruess","Ariana-Grande-Featuring-Iggy-Azalea","Wiz-Khalifa-Featuring-Charlie-Puth","Desiigner","Bruno-Mars","Post-Malone-Featuring-Ty-Dolla-ign","Billie-Eilish","Megan-Thee-Stallion","Olivia-Rodrigo"
"3","The-Chi-lites","Sylvia-r-b","The-Stylistics","Ace","Silver-Convention","Marvin-Gaye","Johnny-Mathis-Deniece-Williams","Sister-Sledge","Ambrosia","Stars-On-45","Charlene","Culture-Club","Steve-Perry","Harold-Faltermeyer","Whitney-Houston","Lisa-Lisa-And-Cult-Jam","Daryl-Hall-John-Oates","Bobby-Brown","Bell-Biv-DeVoe","Paula-Abdul","En-Vogue","H-Town","Janet-Jackson","Nicki-French","Celine-Dion","Spice-Girls","Shania-Twain","TLC","Sisqo","Lifehouse","Fat-Joe-Featuring-Ashanti","Busta-Rhymes-Mariah-Carey-Featuring-The-Flipmode-Squad","Beyonce","Ciara-Featuring-Ludacris","Nelly-Furtado-Featuring-Timbaland","Maroon-5","David-Cook","Jamie-Foxx-Featuring-T-Pain","Katy-Perry-Featuring-Snoop-Dogg","Katy-Perry-Featuring-Kanye-West","Maroon-5-Featuring-Wiz-Khalifa","Justin-Timberlake","John-Legend","Fetty-Wap","Justin-Timberlake","DJ-Khaled-Featuring-Justin-Bieber-Quavo-Chance-The-Rapper-Lil-Wayne","Drake","Khalid","DaBaby-Featuring-Roddy-Ricch","Olivia-Rodrigo"
"4","Neil-Diamond","Elton-John","Jackson-5","Grand-Funk","Dorothy-Moore","Bill-Conti","Chuck-Mangione","Peaches-Herb","Kenny-Rogers-With-Kim-Carnes","A-Taste-Of-Honey","Tommy-Tutone","Men-At-Work","Duran-Duran","Billy-Ocean","Nu-Shooz","Chris-de-Burgh","Johnny-Hates-Jazz","Michael-Damian","Heart","Mariah-Carey","Mariah-Carey","SWV","Warren-G-Nate-Dogg","Boyz-II-Men","Tracy-Chapman","The-Notorious-B-I-G","Mariah-Carey","Maxwell","Faith-Hill","Nelly-Featuring-City-Spud","Eminem","Fabolous-Featuring-Mike-Shorey-Lil-Mo","Usher-Featuring-Lil-Jon-Ludacris","50-Cent","Fort-Minor-Featuring-Holly-Brook","T-Pain-Featuring-Yung-Joc","Rihanna","Glee-Cast","Taio-Cruz-Featuring-Ludacris","Jennifer-Lopez-Featuring-Pitbull","fun-Featuring-Janelle-Monae","Daft-Punk-Featuring-Pharrell-Williams","Pharrell-Williams","WALK-THE-MOON","Fifth-Harmony-Featuring-Ty-Dolla-ign","Kendrick-Lamar","Childish-Gambino","Ed-Sheeran-Justin-Bieber","The-Weeknd","Dua-Lipa-Featuring-DaBaby"
"5","Dr-Hook-And-The-Medicine-Show","Clint-Holmes","Gordon-Lightfoot","Chicago","Pratt-McClain-with-Brother-Love","Foreigner","Gerry-Rafferty","Randy-VanWarmer","Blondie","REO-Speedwagon","Ray-Parker-Jr","Lionel-Richie","Night-Ranger","Bryan-Adams","Mike-The-Mechanics","U2","Samantha-Fox","Neneh-Cherry","Roxette","Michael-Bolton","Sir-Mix-A-Lot","Vanessa-Williams-Brian-McKnight","Ace-Of-Base","Monica","SWV","The-Verve-Pipe","Janet-Featuring-BLACKstreet","Sixpence-None-The-Richer","Enrique-Iglesias","Uncle-Kracker","Nelly","Evanescence-Featuring-Paul-McCoy","Hoobastank","The-Black-Eyed-Peas","Rihanna","Daughtry","Jordin-Sparks-Duet-With-Chris-Brown","Pitbull","B-o-B-Featuring-Bruno-Mars","The-Black-Eyed-Peas","Nicki-Minaj","Florida-Georgia-Line-Featuring-Nelly","DJ-Snake-Lil-Jon","The-Weeknd","The-Chainsmokers-Featuring-Daya","Ed-Sheeran","Zedd-Maren-Morris-Grey","Jonas-Brothers","Doja-Cat-Featuring-Nicki-Minaj","Silk-Sonic-Bruno-Mars-Anderson-Paak"
"6","Gallery","Barry-White","Bo-Donaldson-And-The-Heywoods","Linda-Ronstadt","Henry-Gross","Kenny-Rogers","Bonnie-Tyler","Anita-Ward","Bette-Midler","Gino-Vannelli","The-Human-League","Michael-Jackson","Huey-Lewis-The-News","Howard-Jones","Orchestral-Manoeuvres-In-The-Dark","Genesis","Debbie-Gibson","Guns-N-Roses","Janet-Jackson","R-E-M","Joe-Public","SWV","Ace-Of-Base","Method-Man-Featuring-Mary-J-Blige","The-Tony-Rich-Project","Rome","Backstreet-Boys","702","Aaliyah","Destiny-s-Child","Vanessa-Carlton","R-Kelly","Twista","Kelly-Clarkson","Cassie","Justin-Timberlake","Usher-Featuring-Young-Jeezy","Linkin-Park","Lady-Gaga","Bruno-Mars","Flo-Rida-Featuring-Sia","Selena-Gomez","Katy-Perry-Featuring-Juicy-J","Mark-Ronson-Featuring-Bruno-Mars","Lukas-Graham","Future","Lil-Baby-Drake","Post-Malone-Swae-Lee","Drake","Justin-Bieber-Featuring-Daniel-Caesar-Giveon"
"7","Roberta-Flack","Dawn-Featuring-Tony-Orlando","Joni-Mitchell","Freddy-Fender","John-Sebastian","Andrew-Gold","George-Benson","Supertramp","Bob-Seger","Ray-Parker-Jr-Raydio","Willie-Nelson","Thomas-Dolby","Lionel-Richie","Mary-Jane-Girls","Level-42","Bon-Jovi","The-Jets","Richard-Marx","Linear","Hi-Five","Sophie-B-Hawkins","P-M-Dawn","Big-Mountain","Adina-Howard","Toni-Braxton","Jewel","Xscape","JT-Money-Featuring-Sole","Eminem","R-Kelly-Featuring-Jay-Z","Usher","Justin-Timberlake","Maroon-5","The-Game-Featuring-50-Cent","Sean-Paul","Avril-Lavigne","Ray-J-Yung-Berg","Kid-Cudi","Ke-ha","Britney-Spears-Featuring-Nicki-Minaj-Ke-ha","One-Direction","Icona-Pop-Featuring-Charli-XCX","Jason-Derulo-Featuring-2-Chainz","Jason-Derulo","Mike-Posner","Zedd-Alessia-Cara","Cardi-B-Bad-Bunny-J-Balvin","Post-Malone","Dua-Lipa","The-Weeknd-Ariana-Grande"
"8","Cat-Stevens","Stevie-Wonder","Marvin-Hamlisch-The-Sting","Jessi-Colter","Daryl-Hall-John-Oates","Alan-O-Day","ABBA","Rickie-Lee-Jones","Linda-Ronstadt","Grover-Washington-Jr-With-Bill-Withers","Asia","Naked-Eyes","Irene-Cara","Simple-Minds","The-Jets","Fleetwood-Mac","Michael-Jackson","Donny-Osmond","New-Kids-On-The-Block","EMF","Michael-Jackson","Robin-S","Prince","Blessid-Union-Of-Souls","George-Michael","Changing-Faces","K-Ci-JoJo","Shania-Twain","Vertical-Horizon","Missy-Misdemeanor-Elliott","Jimmy-Eat-World","Lil-Kim-Featuring-50-Cent","Alicia-Keys","Will-Smith","Lil-Jon-Featuring-E-40-Sean-Paul-Of-The-YoungBloodZ","Fergie","Madonna-Featuring-Justin-Timberlake-Timbaland","Beyonce","Miley-Cyrus","Lady-Gaga","The-Wanted","Rihanna-Featuring-Mikky-Ekko","Nico-Vinz","David-Guetta-Featuring-Nicki-Minaj-Bebe-Rexha-Afrojack","Ariana-Grande","The-Chainsmokers-Coldplay","Ella-Mai","Sam-Smith-Normani","Roddy-Ricch","Doja-Cat-Featuring-SZA"
"9","Billy-Preston","Focus","Maria-Muldaur","Major-Harris","Captain-Tennille","Stevie-Wonder","Wings","The-Jacksons","Gary-Numan","Neil-Diamond","Paul-Davis","Styx","Laura-Branigan","Kool-The-Gang","Billy-Ocean","Herb-Alpert","Belinda-Carlisle","Lita-Ford-Duet-With-Ozzy-Osbourne","M-C-Hammer","Whitney-Houston","Celine-Dion","Rod-Stewart","Toni-Braxton","Dionne-Farris","Alanis-Morissette","Tim-McGraw-With-Faith-Hill","Savage-Garden","Sugar-Ray","Britney-Spears","Dido","Truth-Hurts-Featuring-Rakim","50-Cent","Usher","Kelly-Clarkson","Shakira-Featuring-Wyclef-Jean","Kelly-Clarkson","Natasha-Bedingfield","Jeremih","Eminem","LMFAO-Featuring-Lauren-Bennett-GoonRock","Justin-Bieber","Imagine-Dragons","Justin-Timberlake","Maroon-5","Rihanna","Lil-Uzi-Vert","Bebe-Rexha-Florida-Georgia-Line","DaBaby","Justin-Bieber-Featuring-Quavo","Olivia-Rodrigo"
"10","The-5th-Dimension","The-Doobie-Brothers","The-O-Jays","The-Elton-John-Band","The-Rolling-Stones","Climax-Blues-Band","Player","Kenny-Rogers","Elton-John","Franke-The-Knockouts","Toto","Rick-Springfield","The-Pointer-Sisters","Katrina-And-The-Waves","George-Michael","Whitney-Houston","Bruce-Hornsby-The-Range","Jimmy-Harnen-With-Synch","Sinead-O-Connor","Luther-Vandross","TLC","Inner-Circle","Aaliyah","Hootie-The-Blowfish","Metallica","Az-Yet-Featuring-Peter-Cetera","Mya-Sisqo","Blaque","Macy-Gray","Lil-Romeo","Michelle-Branch","3-Doors-Down","Petey-Pablo","The-Killers","The-Fray","Huey","Coldplay","Katy-Perry","Rihanna","DJ-Khaled-Featuring-Drake-Rick-Ross-Lil-Wayne","Phillip-Phillips","Bruno-Mars","Jason-Derulo-Featuring-Snoop-Dogg","T-Wayne","Rihanna-Featuring-Drake","Kygo-x-Selena-Gomez","Ariana-Grande","Ava-Max","Future-Featuring-Drake","Masked-Wolf"
"11","The-Rolling-Stones","Dr-John","William-DeVaughn","AWB","Fleetwood-Mac","Hot","Eddie-Money","Olivia-Newton-John","Billy-Joel","George-Harrison","Joan-Jett-the-Blackhearts","Eddy-Grant","Madonna","Madonna","Journey","The-Breakfast-Club","Brenda-Russell-Featuring-Joe-Esposito","Paula-Abdul","After-7","Black-Box","Arrested-Development","Duran-Duran","Enigma","TLC","Adam-Clayton-Larry-Mullen","Savage-Garden","Marcy-Playground","Chante-Moore","Toni-Braxton","112","Puddle-Of-Mudd","Wayne-Wonder","Kanye-West-Featuring-Syleena-Johnson","Rob-Thomas","Red-Hot-Chili-Peppers","Timbaland-Featuring-Nelly-Furtado-Justin-Timberlake","Danity-Kane","Kris-Allen","Train","Scotty-McCreery","Rihanna","Robin-Thicke-Featuring-T-I-Pharrell","Paramore","Ellie-Goulding","Calvin-Harris-Featuring-Rihanna","Julia-Michaels","Shawn-Mendes","Taylor-Swift-Featuring-Brendon-Urie","Post-Malone","Olivia-Rodrigo"
"12","Carpenters","Dobie-Gray","Jim-Stafford","The-Captain-Tennille","Elvin-Bishop","Joe-Tex","Sweet","G-Q","Michael-Jackson","Champaign","Deniece-Williams","Journey","Phil-Collins","Phil-Collins","Culture-Club","Glenn-Medeiros","Prince","Milli-Vanilli","Digital-Underground","Queensryche","Billy-Ray-Cyrus","Dr-Dre","Jon-Secada","Dr-Dre","Jann-Arden","Monica","Public-Announcement","Jordan-Knight","Joe","Train","Cam-Ron-Featuring-Juelz-Santana","matchbox-twenty","OutKast","Bobby-Valentino","Rihanna","Carrie-Underwood","Jesse-McCartney","Sean-Kingston","Jay-Z-Mr-Hudson","Lupe-Fiasco","Train","Macklemore-Ryan-Lewis-Featuring-Wanz","Calvin-Harris","Andy-Grammer","Zayn","James-Arthur","BlocBoy-JB-Featuring-Drake","Young-Thug-J-Cole-Travis-Scott","Harry-Styles","Olivia-Rodrigo"
"13","The-Jimmy-Castor-Bunch","George-Harrison","Cat-Stevens","Earth-Wind-Fire","Andrea-True-Connection","The-Steve-Miller-Band","Peter-Brown-With-Betty-Wright","Wings","Robbie-Dupree","Climax-Blues-Band","Elton-John","Daryl-Hall-John-Oates","Van-Halen","Sade","Mr-Mister","Smokey-Robinson","Cheap-Trick","Waterfront","Perfect-Gentlemen","Cathy-Dennis","Vanessa-Williams","Jade","R-Kelly","Total-Featuring-The-Notorious-B-I-G","La-Bouche","Paula-Cole","Montell-Jordan-Feat-Master-P-Silkk-The-Shocker","Backstreet-Boys","Creed","City-High","Default","Beyonce-Featuring-Jay-Z","J-Kwon","Backstreet-Boys","T-I","Bone-Thugs-N-Harmony-Featuring-Akon","Mariah-Carey","Keri-Hilson-Featuring-Kanye-West-Ne-Yo","Lady-Antebellum","Chris-Brown-Featuring-Lil-Wayne-Busta-Rhymes","Usher","Ariana-Grande-Featuring-Mac-Miller","Ed-Sheeran","Tove-Lo","Zara-Larsson-MNEK","Post-Malone-Featuring-Quavo","Marshmello-Anne-Marie","Halsey","Maren-Morris","Lil-Nas-X"
"14","Love-Unlimited","Billy-Preston","Grand-Funk","Joe-Simon","The-Sylvers","The-Marshall-Tucker-Band","Roberta-Flack-With-Donny-Hathaway","Bad-Company","Pretenders","Gary-U-S-Bonds","Little-River-Band","Prince","Bruce-Springsteen","Glenn-Frey","Howard-Jones","Huey-Lewis-The-News","Cher","Donna-Summer","En-Vogue","Rod-Stewart","Genesis","Paperboy","Tevin-Campbell","2Pac","Gin-Blossoms","Meredith-Brooks","Sarah-McLachlan","Cher","Destiny-s-Child","Eve-Featuring-Gwen-Stefani","No-Doubt","Kid-Rock-Featuring-Sheryl-Crow-Or-Allison-Moorer","D12","3-Doors-Down","Field-Mob-Featuring-Ciara","P-nk","Plies-Featuring-Ne-Yo","3OH-3","La-Roux","Nicki-Minaj","Pitbull","Demi-Lovato","Michael-Jackson","Meghan-Trainor","DNCE","Sam-Hunt","Migos-Featuring-Drake","Ariana-Grande","SAINt-JHN","Olivia-Rodrigo"
"15","Bread","The-Spinners","Olivia-Newton-John","Alice-Cooper","Maxine-Nightingale","Eagles","Heatwave","Rex-Smith","The-Spinners","Styx","Daryl-Hall-John-Oates","Sergio-Mendes","Culture-Club","Duran-Duran","Heart","Kenny-Loggins","Brenda-K-Starr","Fine-Young-Cannibals","Phil-Collins","Huey-Lewis-The-News","Eric-Clapton","Expose","R-Kelly","Real-McCoy","Hootie-The-Blowfish","Puff-Daddy-Featuring-Mase","N-Sync","Whitney-Houston-Feat-Faith-Evans-Kelly-Price","P-nk","Faith-Hill","P-nk","Monica","JAY-Z","Ying-Yang-Twins","Bubba-Sparxxx-Featuring-Ying-Yang-Twins-Mr-ColliPark","Jordin-Sparks","David-Cook","Miley-Cyrus","Jason-Derulo","Wiz-Khalifa","Kelly-Clarkson","Darius-Rucker","MAGIC","Omarion-Featuring-Chris-Brown-Jhene-Aiko","Nick-Jonas-Featuring-Tove-Lo","Imagine-Dragons","Juice-WRLD","Shawn-Mendes","Ariana-Grande-Justin-Bieber","Olivia-Rodrigo"
"16","Todd-Rundgren","Skylark","Three-Dog-Night","Carpenters","Neil-Sedaka","Leo-Sayer","Carly-Simon","Styx","Dr-Hook","Dottie-West-with-Kenny-Rogers","Roberta-Flack","The-Tubes","Julio-Iglesias-And-Willie-Nelson","Survivor","Simply-Red","Bryan-Adams","Lita-Ford","Howard-Jones","Partners-In-Kryme","The-Rude-Boys","Queen","Whitney-Houston","Lisa-Loeb-Nine-Stories","Diana-King","Monica","112","Madonna","Will-Smith-Featuring-Dru-Hill-Kool-Mo-Dee","Red-Hot-Chili-Peppers","Nelly-Furtado","Jennifer-Lopez-Featuring-Nas","R-Kelly-Featuring-Big-Tigger","Evanescence","Pretty-Ricky","Chris-Brown-Featuring-Lil-Wayne","Fergie-Featuring-Ludacris","Colby-O-Donis-Featuring-Akon","Kris-Allen","Travie-McCoy-Featuring-Bruno-Mars","Rihanna-Featuring-Britney-Spears","Karmin","Blake-Shelton-Featuring-Pistol-Annies-Friends","Michael-Jackson-Justin-Timberlake","Ed-Sheeran","P-nk","KYLE-Featuring-Lil-Yachty","Camila-Cabello","Marshmello-Bastille","Lil-Mosey","The-Kid-LAROI"
"17","Al-Green","Paul-Simon","Kool-The-Gang","Michael-Murphey","Barry-Manilow","Eagles","Meat-Loaf","Village-People","The-Brothers-Johnson","John-Lennon","Queen","Kajagoogoo","Joe-Jackson","Prince-And-The-Revolution","Boys-Don-t-Cry","Kenny-G","Poison","John-Mellencamp","Taylor-Dayne","Another-Bad-Creation","Ugly-Kid-Joe","Dr-Dre","Tim-McGraw","Jamie-Walters","Whitney-Houston-CeCe-Winans","Freak-Nasty","Busta-Rhymes","112-Featuring-Lil-z","Christina-Aguilera","Lil-Mo-Featuring-Fabolous","Mary-J-Blige-Featuring-Ja-Rule","Ashanti","Nina-Sky-Featuring-Jabba","Akon","Natasha-Bedingfield","Fall-Out-Boy","3-Doors-Down","Flo-Rida-Featuring-Wynter","The-Script","Jeremih-Featuring-50-Cent","Ellie-Goulding","Fall-Out-Boy","Katy-Perry","Fifth-Harmony-Featuring-Kid-Ink","Justin-Bieber","Harry-Styles","Ed-Sheeran","Morgan-Wallen","THE-SCOTTS-Travis-Scott-Kid-Cudi","Polo-G"
"18","Commander-Cody-His-Lost-Planet-Airmen","Stealers-Wheel","Carpenters","Harold-Melvin-And-The-Blue-Notes","Gary-Wright","Barry-Manilow","Patti-Smith-Group","The-Doobie-Brothers","Jermaine-Jackson","Juice-Newton","Juice-Newton","Elton-John","Billy-Idol","Limahl","El-DeBarge","Jody-Watley","Al-B-Sure","Natalie-Cole","Richard-Marx","C-C-Music-Factory-F-Williams","U2","Aerosmith","SWV","Blues-Traveler","MC-Lyte-Featuring-Xscape","Duncan-Sheik","Will-Smith","Tim-McGraw","matchbox-twenty","Jennifer-Lopez","Chad-Kroeger-Featuring-Josey-Scott","Uncle-Kracker-Featuring-Dobie-Gray","Lil-Flip","50-Cent-Featuring-Olivia","Nick-Lachey","Blake-Lewis","Timbaland-Featuring-OneRepublic","Shinedown","Ludacris-Featuring-Nicki-Minaj","Jason-Derulo","Calvin-Harris","Pitbull-Featuring-Christina-Aguilera","Luke-Bryan","DJ-Snake-AlunaGeorge","twenty-one-pilots","Miley-Cyrus","Imagine-Dragons","J-Cole","Morgan-Wallen","Olivia-Rodrigo"
"19","The-Pipes-And-Drums-And-The-Military-Band-Of-The-Royal-Scots-Dragoon-Guards","Three-Dog-Night","Aretha-Franklin","The-Doobie-Brothers","Brass-Construction","Jimmy-Buffett","Steely-Dan","Earth-Wind-Fire-with-The-Emotions","Air-Supply","Daryl-Hall-John-Oates","Dazz-Band","Michael-Jackson","Mike-Reno-And-Ann-Wilson","David-Lee-Roth","Janet-Jackson","Chicago","Gloria-Estefan-Miami-Sound-Machine","Jody-Watley","Jude-Cole","Amy-Grant","Luther-Vandross-And-Janet-Jackson-With-BBD-And-Ralph-Tresvant","Spin-Doctors","Joshua-Kadison","Soul-For-Real","Los-Del-Rio","Toni-Braxton","Destiny-s-Child","Everlast","N-Sync","Incubus","Busta-Rhymes-Featuring-P-Diddy-Pharrell","Snoop-Dogg-Featuring-Pharrell-Uncle-Charlie-Wilson","Juvenile-Featuring-Soulja-Slim","The-Pussycat-Dolls-Featuring-Busta-Rhymes","Nickelback","Gwen-Stefani-Featuring-Akon","Carrie-Underwood","Adam-Lambert","Drake","Ke-ha","Eric-Church","will-i-am-Featuring-Justin-Bieber","Bastille","Natalie-La-Rose-Featuring-Jeremih","Flo-Rida","Brett-Young","Drake","Panic-At-The-Disco","Gabby-Barrett-Featuring-Charlie-Puth","Olivia-Rodrigo"
"20","Bill-Withers","New-York-City","Anne-Murray","Pilot","Marvin-Gaye","Shaun-Cassidy","The-O-Jays","David-Naughton","Pure-Prairie-League","Air-Supply","John-Cougar","Laura-Branigan","Shalamar","Eurythmics","Pet-Shop-Boys","Heart","Pebbles","Cyndi-Lauper","Giant","Firehouse","Bryan-Adams","Green-Jelly","Mariah-Carey","Martin-Page","Case-Featuring-Foxxy-Brown","B-Rock-The-Bizz","Master-P-Featuring-Sons-Of-Funk","Goo-Goo-Dolls","N-Sync","Joe-Featuring-Mystikal","Musiq","Christina-Aguilera","Sean-Paul-Featuring-Sasha","Trick-Daddy-Featuring-Ludacris-Lil-Kim-Cee-Lo","KT-Tunstall","Linkin-Park","Sara-Bareilles","Keith-Urban","Drake","Lauren-Alaina","Katy-Perry","Mariah-Carey-Featuring-Miguel","Chris-Brown-Featuring-Lil-Wayne-French-Montana-Or-Too-hort-Or-Tyga","Skrillex-Diplo-With-Justin-Bieber","G-Eazy-x-Bebe-Rexha","Kendrick-Lamar","Bazzi","Blake-Shelton","Luke-Combs-Featuring-Eric-Church","Luke-Combs"
"21","Jackson-5","Elvis-Presley","Carly-Simon","Roger-Whittaker","The-Doobie-Brothers","Addrisi-Brothers","Robert-Palmer","Foxy","Bruce-Cockburn","Tom-Petty-And-The-Heartbreakers","Dan-Fogelberg","Bryan-Adams","Billy-Joel","Julian-Lennon","Miami-Sound-Machine","Level-42","Def-Leppard","Tom-Petty","Johnny-Gill","Divinyls","Mr-Big","Michael-Jackson","Elton-John","Elton-John","Brandy","Joe","Voices-Of-Theory","Tyrese","Sonique","Case","Shakira","Daniel-Bedingfield","R-Kelly","Coldplay","The-All-American-Rejects","Lloyd","Katy-Perry","Flo-Rida","The-Black-Eyed-Peas","CeeLo-Green","Drake-Featuring-Rihanna","J-Cole-Featuring-Miguel","Rixton","Flo-Rida-Featuring-Sage-The-Gemini-Lookas","Drake","Khalid","Cardi-B","Tyler-The-Creator","Trevor-Daniel","J-Cole-21-Savage-Morray"
"22","America","Steely-Dan","Stevie-Wonder","Paul-Anka-with-Odia-Coates","Eric-Carmen","Barbra-Streisand","Bob-Seger-The-Silver-Bullet-Band","Rod-Stewart","Boz-Scaggs","Rick-Springfield","The-Charlie-Daniels-Band","The-Kinks","Chicago","Madonna","John-Mellencamp","Cutting-Crew","Foreigner","Cinderella","Glenn-Medeiros-Featuring-Bobby-Brown","LL-Cool-J","Def-Leppard","Stereo-MC-s","Richard-Marx","Jon-B-Featuring-Babyface","Jodeci","Tony-Toni-Tone","Jon-B","Brandy","Lonestar","S-Club-7","The-Calling","Kelly-Clarkson","Gretchen-Wilson","Weezer","James-Blunt","R-Kelly-Or-Bow-Wow-Featuring-T-I-T-Pain","David-Cook","Lady-Gaga","Lady-Gaga-Featuring-Beyonce","Tinie-Tempah-Featuring-Eric-Turner","Luke-Bryan","Tim-McGraw-With-Taylor-Swift","Idina-Menzel","Little-Big-Town","Future-Featuring-The-Weeknd","Childish-Gambino","Kane-Brown","Daddy-Yankee-Katy-Perry-Featuring-Snow","6ix9ine","The-Weeknd"
"23","Elton-John","Vicki-Lawrence","Chicago","Seals-Crofts","The-Brothers-Johnson","Peter-Mccann","Atlanta-Rhythm-Section","Roger-Voudouris","Christopher-Cross","Don-McLean","Aldo-Nova","Champaign","Slade","Murray-Head","Falco","The-System","INXS","Simply-Red","Depeche-Mode","Jesus-Jones","Wilson-Phillips","Snow","Beck","Annie-Lennox","Coolio","White-Town","Janet","98-Degrees","Jay-Z-Featuring-UGK","N-Sync","Jennifer-Lopez-Featuring-Ja-Rule","Jaheim","The-Black-Eyed-Peas","Green-Day","Kelly-Clarkson","Ne-Yo","Chris-Brown","Soulja-Boy-Tell-em-Featuring-Sammie","Sean-Kingston-Justin-Bieber","OneRepublic","Drake-Featuring-Lil-Wayne","Taylor-Swift","Florida-Georgia-Line-Ft-Jason-Derulo-Luke-Bryan","Taylor-Swift","Florida-Georgia-Line","French-Montana-Featuring-Swae-Lee","Post-Malone-Featuring-21-Savage","Meek-Mill-Featuring-Drake","Roddy-Ricch-Featuring-Mustard","Maroon-5-Featuring-Megan-Thee-Stallion"
"24","Harry-Chapin","The-Sweet","The-DeFranco-Family-ring-Tony-DeFranco","Disco-Tex-The-Sex-O-Lettes","Rhythm-Heritage","Kenny-Nolan","The-Trammps","Cheap-Trick","Andy-Gibb-Olivia-Newton-John","Lee-Ritenour","38-Special","Little-River-Band","Eurythmics","REO-Speedwagon","The-Fabulous-Thunderbirds","Company-B","Midnight-Oil","Elvis-Costello","Billy-Idol","Salt-N-Pepa","Jon-Secada","Joey-Lawrence","Crash-Test-Dummies","Raphael-Saadiq","R-Kelly-Featuring-Ronald-Isley","Toni-Braxton","LeAnn-Rimes","Busta-Rhymes-Featuring-Janet","Nelly","Shaggy-Featuring-Rayvon","Linkin-Park","Frankie-J","John-Michael-Montgomery","Nelly-Featuring-Jung-Tru-King-Jacob","Yung-Joc","Akon","Flo-Rida-Featuring-T-Pain","David-Cook","Michael-Buble","Blake-Shelton","Kanye-West-Big-Sean-Pusha-T-2-Chainz","Drake","American-Authors","Rihanna","Sia-Featuring-Sean-Paul","Drake","Maroon-5","benny-blanco-Halsey-Khalid","Surfaces","Olivia-Rodrigo"
"25","Creedence-Clearwater-Revival","Carly-Simon","The-Main-Ingredient","Tavares","Electric-Light-Orchestra","The-Sylvers","Heart","Electric-Light-Orchestra","Neil-Sedaka-Dara-Sedaka","Sheena-Easton","Donnie-Iris","The-Police","ZZ-Top","Til-Tuesday","The-Outfield","Madonna","White-Lion","Roachford","Calloway","UB40","Color-Me-Badd","Captain-Hollywood-Project","Celine-Dion","Soul-For-Real","Quad-City-DJ-s","Robyn","Master-P-Feat-Fiend-Silkk-The-Shocker-Mia-X-Mystikal","Lenny-Kravitz","Goo-Goo-Dolls","Brooks-Dunn","Big-Tymers","Floetry","Lloyd-Banks","Brooke-Valentine-Featuring-Lil-Jon-Big-Boi","Dem-Franchize-Boyz-Featuring-Lil-Peanut-Charlay","Diddy-Featuring-Keyshia-Cole","OneRepublic","Soulja-Boy-Tell-em","Ke-ha","Kelly-Rowland-Featuring-Lil-Wayne","David-Guetta-Featuring-Sia","Emeli-Sande","MKTO","Silento","Kent-Jones","Shawn-Mendes","Camila-Cabello-Featuring-Young-Thug","Ariana-Grande","Jack-Harlow-Featuring-DaBaby-Tory-Lanez-Lil-Wayne","Lil-Tjay-Featuring-6LACK"
"26","Joe-Tex","Jim-Croce","Elton-John","The-Temptations","Peter-Frampton","Andy-Gibb","Michael-Johnson","England-Dan-John-Ford-Coley","The-Clash","Phil-Collins","Franke-The-Knockouts","Madness","The-Cars","Whitney-Houston","Phil-Collins","Tom-Petty-And-The-Heartbreakers","The-Deele","Bon-Jovi","Expose","Gerardo","Amy-Grant","Duice","General-Public","Hootie-The-Blowfish","Total","Bruce-Springsteen","Luke-Featuring-No-Good-But-So-Good","Silk","Carl-Thomas","Kenny-Chesney","Ja-Rule-Featuring-Charli-Chuck-Baltimore","Tyrese","Britney-Spears","Howie-Day","Ne-Yo","Mims","Mariah-Carey","Lady-Gaga-Featuring-Colby-O-Donis","Glee-Cast-Featuring-Neil-Patrick-Harris","Lady-Antebellum","Adele","Zach-Sobiech","OneRepublic","Luke-Bryan","Adele","Halsey","Lil-Dicky-Featuring-Chris-Brown","Lizzo","Powfu-Featuring-beabadoobee","J-Cole-Lil-Baby"
"27","Millie-Jackson","Loggins-Messina","MFSB-Featuring-The-Three-Degrees","Carly-Simon","The-Manhattans","Dean-Friedman","Seals-Crofts","Blondie","The-Manhattans","Elton-John","Simon-Garfunkel","Bee-Gees","Van-Stephenson","The-Power-Station","The-Moody-Blues","Poison","The-Church","Expose","Louie-Louie","Marc-Cohn","Jodeci","Jon-Secada","Collective-Soul","Madonna","Color-Me-Badd","R-Kelly","The-Lox-Featuring-DMX-Lil-Kim","Smash-Mouth","Santana-Featuring-Rob-Thomas","Tim-McGraw","Brandy","Toby-Keith-Duet-With-Willie-Nelson","3-Doors-Down","Green-Day","Christina-Milian-Featuring-Young-Jeezy","Plain-White-T-s","John-Mayer","Jason-Mraz","Alicia-Keys","Jason-Aldean","Carrie-Underwood","Justin-Timberlake-Featuring-JAY-Z","5-Seconds-Of-Summer","OMI","James-Bay","Selena-Gomez","Rich-The-Kid","Polo-G-Featuring-Lil-Tjay","StaySolidRocky","Saweetie-Featuring-Doja-Cat"
"28","The-Stylistics-Featuring-Russell-Thompkins-Jr","The-Independents","Mac-Davis","Ozark-Mountain-Daredevils","Bad-Company","Daryl-Hall-John-Oates","Barry-Manilow","Donna-Summer","The-Whispers","Quincy-Jones","Loverboy","Debarge","Rod-Stewart","Cyndi-Lauper","Bob-Seger","David-Bowie","Pet-Shop-Boys","Benny-Mardones","Snap","Sheena-Easton","Richard-Marx","Shai","Celine-Dion","Da-Brat","Junior-M-A-F-I-A-Featuring-The-Notorious-B-I-G","Spice-Girls","Third-Eye-Blind","Monica","BBMak","Lee-Ann-Womack","Sheryl-Crow","Lonestar","Avril-Lavigne","Gorillaz","Mary-J-Blige","Ciara","David-Cook","The-All-American-Rejects","Miranda-Lambert","P-nk","Kirko-Bangz","Zedd-Featuring-Foxes","Coldplay","Nick-Jonas","Drake-Featuring-The-Throne","Migos-Featuring-Lil-Uzi-Vert","Taylor-Swift","A-Boogie-Wit-da-Hoodie","Blake-Shelton-Duet-With-Gwen-Stefani","Cardi-B"
"29","The-Moody-Blues","Ohio-Players","Gladys-Knight-And-The-Pips","Gladys-Knight-And-The-Pips","Bay-City-Rollers","Yvonne-Elliman","Donna-Summer","Van-Halen","Pink-Floyd","Santana","Soft-Cell","Def-Leppard","The-Style-Council","USA-For-Africa","Van-Halen","Expose","Rod-Stewart","The-Doobie-Brothers","Tyler-Collins","Roxette","Lionel-Richie","Ice-Cube","Mariah-Carey","Stevie-B","Everything-But-The-Girl","Babyface","Gloria-Estefan","George-Strait","Savage-Garden","Moby-Featuring-Gwen-Stefani","Nickelback","Eminem","Kanye-West","Baby-Bash-Featuring-Akon","Rascal-Flatts","Gym-Class-Heroes-Featuring-Patrick-Stump","Chris-Brown","T-I-Featuring-Justin-Timberlake","Adam-Lambert","Beyonce","Kip-Moore","Lil-Wayne-Featuring-Drake-Future","Disclosure-Featuring-Sam-Smith","Trey-Songz","Ruth-B","Calvin-Harris-Featuring-Frank-Ocean-Migos","The-Weeknd-Kendrick-Lamar","Halsey","Carly-Pearce-Lee-Brice","Olivia-Rodrigo"
"30","Paul-Simon","Bloodstone","The-Spinners","Eddie-Kendricks","Steve-Miller","Maynard-Ferguson","Barry-White","John-Stewart","Pat-Benatar","Christopher-Cross","Sheena-Easton","Jim-Capaldi","Christine-McVie","John-Cafferty-The-Beaver-Brown-Band","Thirty-Eight-Special","Crowded-House","Orchestral-Manoeuvres-In-The-Dark","Aretha-Franklin-Elton-John","Michel-le","Styx","Mariah-Carey","Bon-Jovi","Heavy-D-The-Boyz","Van-Halen","Michael-Jackson","En-Vogue","Paula-Cole","Steve-Wariner","Alice-Deejay","Sunshine-Anderson","Dirty-Vegas","Jewel","OutKast-Featuring-Sleepy-Brown","Lifehouse","Kelis-Featuring-Too-hort","T-I","Colbie-Caillat","Kelly-Clarkson","Jamie-Foxx-Featuring-Justin-Timberlake-T-I","The-Script","Jason-Mraz","Anna-Kendrick","Naughty-Boy-Featuring-Sam-Smith","Rachel-Platten","twenty-one-pilots","Ed-Sheeran","Post-Malone","Mustard-Migos","Lewis-Capaldi","Giveon"
"31","Neil-Young","Alice-Cooper","Eddie-Kendricks","Ray-Stevens","Starbuck","Peter-Frampton","Yvonne-Elliman","Barbara-Mandrell","Bernadette-Peters","Daryl-Hall-John-Oates","Ronnie-Milsap","Toto","Wang-Chung","Paul-Young","Robert-Palmer","Bob-Seger","Richard-Marx","Stevie-Nicks","Slaughter","Lisa-Fischer","The-Cover-Girls","Naughty-By-Nature","Salt-N-Pepa-Featuring-En-Vogue","Sheryl-Crow","Robert-Miles","U2","Faith-Hill","Andy-Griggs","Chad-Brock","Madonna","Alan-Jackson","Randy-Travis","Switchfoot","50-Cent","Panic-At-The-Disco","Bow-Wow-Featuring-T-Pain-Johnta-Austin","Usher-Featuring-Beyonce-Lil-Wayne","The-Fray","Glee-Cast-Featuring-Idina-Menzel","Rascal-Flatts","Rihanna-Featuring-Chris-Brown","Chris-Brown","Sam-Smith","Maroon-5","Jeremih","Ayo-Teo","Dua-Lipa","City-Girls","Camila-Cabello-Featuring-DaBaby","SpotemGottem-Featuring-Pooh-Shiesty-Or-DaBaby"
"32","Frederick-Knight","War","The-Doobie-Brothers","Van-McCoy-The-Soul-City-Symphony","Thin-Lizzy","Glen-Campbell","Bee-Gees","Alton-McClain-Destiny","Photoglo","Pure-Prairie-League","Kansas","Rod-Stewart","Thompson-Twins","Debarge","Peter-Gabriel","Paul-Simon","Robert-Plant","Madonna","Rod-Stewart-With-Ronald-Isley","Crystal-Waters","Lidell-Townsell","Tasmin-Archer","Domino","Rednex","Monifah","Dru-Hill","Puff-Daddy-The-Family-Featuring-The-Notorious-B-I-G-Busta-Rh","Whitney-Houston","Westlife","Jessica-Simpson","Aaliyah","Jennifer-Lopez","Five-For-Fighting","Ciara-Featuring-Missy-Elliott","Cascada","Baby-Boy-Da-Prince-Featuring-Lil-Boosie","Rihanna","Kelly-Clarkson","The-Black-Eyed-Peas","Kanye-West","Usher","Wale-Featuring-Tiara-Thomas-Or-Rihanna","Lorde","Taylor-Swift","Kevin-Gates","The-Chainsmokers-Featuring-Halsey","Calvin-Harris-Dua-Lipa","Travis-Scott","The-Weeknd","Mooski"
"33","Cher","Perry-Como","Earth-Wind-Fire","Smokey-Robinson","Starland-Vocal-Band","Rufus-Featuring-Chaka-Khan","Jimmy-Buffett","Dr-Hook","The-Manhattan-Transfer","Jefferson-Starship","Alabama","Christopher-Cross","Howard-Jones","Night-Ranger","Janet-Jackson","Bruce-Hornsby-The-Range","Jane-Wiedlin","Martika","The-B-52s","Michael-W-Smith","Howard-Jones","Snow","The-B-C-52-s","Collective-Soul","No-Doubt","Sheryl-Crow","LeAnn-Rimes","matchbox-20","DMX","Lenny-Kravitz","Goo-Goo-Dolls","Bone-Crusher-Featuring-Killer-Mike-T-I","Jessica-Simpson","Papa-Roach","T-I","Enrique-Iglesias","Duffy","Kristinia-DeBarge","Kevin-Rudolf-Featuring-Birdman-Jay-Sean-Lil-Wayne","Glee-Cast","Tyga-Featuring-Lil-Wayne","Lana-Del-Rey","Trey-Songz","Major-Lazer-DJ-Snake-Featuring-MO","Justin-Bieber","Jason-Derulo-Featuring-Nicki-Minaj-Ty-Dolla-ign","Nicki-Minaj","Khalid","Travis-Denning","Polo-G-Lil-Wayne"
"34","Andy-Williams","The-J-Geils-Band","Redbone","Boomer-Castleman","Seals-Crofts-Featuring-Carolyn-Willis","John-Miles","Rod-Stewart","Nigel-Olsson","Rocky-Burnette","Jim-Photoglo","The-Motels","INXS","Scorpions","The-Beach-Boys","Kenny-Loggins","Eddie-Money","Breathe","The-Bangles","Nikki","Steelheart","Tom-Cochrane","George-Michael-Queen","Erasure","Bon-Jovi","Natalie-Merchant","Bee-Gees","Usher","Shania-Twain","Nine-Days","matchbox-twenty","George-Strait","Diamond-Rio","Nickelback","Cassidy","Bon-Jovi","Daughtry","Rick-Ross-Featuring-T-Pain","Taylor-Swift","3OH-3-Featuring-Ke-ha","New-Boyz-Featuring-The-Cataracs-Dev","Jennifer-Lopez-Featuring-Pitbull","The-Lumineers","OneRepublic","Taylor-Swift","Drake-Featuring-Rihanna","Kodak-Black","Luke-Combs","Ed-Sheeran-Featuring-Chance-The-Rapper-PnB-Rock","Dua-Lipa","DJ-Khaled-Featuring-Lil-Baby-Lil-Durk"
"35","David-Cassidy","Gladys-Knight-And-The-Pips","The-Hollies","Wings","Heart","ABBA","Genesis","McFadden-Whitehead","Frank-Sinatra","Jesse-Winchester","Foreigner","Bob-Seger-The-Silver-Bullet-Band","Jefferson-Starship","Alison-Moyet","GTR","Billy-Idol","Times-Two","Rod-Stewart","Whistle","Surface","Linear","R-Kelly-Public-Announcement","Melissa-Etheridge","Des-ree","The-Smashing-Pumpkins","Kenny-Lattimore","Mase-Featuring-Total","Backstreet-Boys","Avant","Ja-Rule-Featuring-Lil-Mo-Vita","Steve-Azar","Rascal-Flatts","Sheryl-Crow","System-Of-A-Down","Gnarls-Barkley","Elliott-Yamin","Metro-Station","Green-Day","Lady-Gaga","Selena-Gomez-The-Scene","Katy-Perry","Avril-Lavigne","Pitbull-Featuring-Ke-ha","George-Ezra","Meghan-Trainor","Charlie-Puth","Khalid-Normani","Cardi-B-Bruno-Mars","Billie-Eilish","24kGoldn-Featuring-iann-dior"
"36","Wayne-Newton","The-Stylistics","James-Brown","Bad-Company","Billy-Ocean","Helen-Reddy","Celebration-ring-Mike-Love","Peter-Frampton","Barry-Manilow","The-Who","Eddie-Rabbitt","Ronnie-Milsap","Prince","Kim-Carnes","The-Dream-Academy","Pseudo-Echo","Icehouse","Cher-Peter-Cetera","Brent-Bourgeois","The-Triplets","Paula-Abdul","Jeremy-Jordan","Bruce-Springsteen","The-Notorious-B-I-G","BoDeans","702","Celine-Dion","Sarah-McLachlan","Faith-Hill","Lonestar","Enrique-Iglesias","Amanda-Perez","Beenie-Man-Featuring-Ms-Thing","Frankie-J-Featuring-Baby-Bash","Mary-J-Blige-Featuring-Brook-Lyn","DJ-Khaled-Featuring-T-I-Akon-Rick-Ross-Fat-Joe-Lil-Wayne-Baby","David-Archuleta","Britney-Spears","Trey-Songz-Featuring-Fabolous","Lady-Gaga","Rihanna-Featuring-Calvin-Harris","Bruno-Mars","Pitbull-Featuring-G-R-L","Sia","Blake-Shelton","Travis-Scott","Casper-Magico-Nio-Garcia-Darell-Nicky-Jam-Ozuna-Bad-Bunny","Kane-Brown","Maroon-5","Moneybagg-Yo"
"37","Graham-Nash-David-Crosby","Barbara-Fairchild","Ozark-Mountain-Daredevils","Tony-Camillo-s-Bazuka","Cate-Bros","Rita-Coolidge","The-Rolling-Stones","ABBA","Ray-Parker-Jr-Raydio","Sheena-Easton","Patrice-Rushen","Kenny-Rogers","Icicle-Works","Bruce-Springsteen","Genesis","Restless-Heart","J-J-Fad","Michael-Morales","Michael-Bolton","Londonbeat","Bonnie-Raitt","UB40","M-C-Hammer","Kut-Klose","Jars-Of-Clay","Celine-Dion","Sylk-E-Fyne-Featuring-Chill","Collin-Raye","Andy-Griggs","OutKast","N-Sync-Featuring-Nelly","Coldplay","Pitbull-Featuring-Lil-Jon","Keith-Urban","The-Pussycat-Dolls-Featuring-Snoop-Dogg","Unk","Miley-Cyrus","Kris-Allen","Timbaland-Featuring-Justin-Timberlake","Katy-Perry","Jason-Aldean","Jason-Derulo","Jake-Owen","Sawyer-Fredericks","O-T-Genasis-Featuring-Young-Dolph","Migos","Dan-Shay","Lady-Gaga-Bradley-Cooper","Sam-Hunt","Glass-Animals"
"38","Michael-Jackson","Charlie-Rich","Steely-Dan","Bachman-Turner-Overdrive","Boz-Scaggs","Waylon-Jennings","Rufus-Chaka-Khan","Jay-Ferguson","The-J-Geils-Band","The-Alan-Parsons-Project","Dionne-Warwick-Johnny-Mathis","Alabama","Dan-Hartman","Mick-Jagger","Simple-Minds","Europe","Bardeux","Thirty-Eight-Special","Salt-N-Pepa","Tara-Kemp","Shanice","New-Order","Meat-Loaf","Real-McCoy","Busta-Rhymes","Depeche-Mode","Playa","Britney-Spears","Vitamin-C","Musiq-Soulchild","Emerson-Drive","Audioslave","Dido","Kelly-Clarkson","Kenny-Chesney","Crime-Mob-Featuring-Lil-Scrappy","Gavin-DeGraw","Zac-Brown-Band","Justin-Bieber-Featuring-Ludacris","Jessie-J-Featuring-B-o-B","Adele","Rocko-Featuring-Future-Rick-Ross","Brantley-Gilbert","Britney-Spears-Iggy-Azalea","Fat-Joe-Remy-Ma-Jay-Z-Featuring-French-Montana-Infared","Bruno-Mars","Selena-Gomez","Calboy","Gunna-Featuring-Young-Thug","Pooh-Shiesty-Featuring-Lil-Durk"
"39","Little-Jimmy-Osmond-with-The-Mike-Curb-Congregation","Bette-Midler","Melba-Montgomery","Tanya-Tucker","The-Trammps","Pablo-Cruise","Eric-Clapton","Raydio","Spider","Billy-The-Beaters","Cheri","Chris-de-Burgh","Rick-Springfield","Supertramp","Tears-For-Fears","Partland-Brothers","Boz-Scaggs","Warrant","Elton-John","Voices-That-Care","Atlantic-Starr","4-Non-Blondes","Toni-Braxton","TLC","Jewel","Gina-G","Lord-Tariq-Peter-Gunz","Dave-Hollister","Mary-Mary","Dream","Avant","Aaliyah","Toby-Keith","112-Featuring-Foxy-Brown","Dixie-Chicks","Nickelback","Brad-Paisley","Brad-Paisley","DJ-Khaled-Featuring-T-Pain-Ludacris-Snoop-Dogg-Rick-Ross","Taylor-Swift","LMFAO-Featuring-Lauren-Bennett-GoonRock","Kendrick-Lamar","Miranda-Lambert-Duet-With-Carrie-Underwood","Nicki-Minaj-Featuring-Beyonce","Beyonce","Rae-Sremmurd","Bruno-Mars-Cardi-B","Luke-Combs","Marshmello-Halsey","Machine-Gun-Kelly-X-blackbear"
"40","The-Supremes","Raspberries","Blue-Magic","Elvis-Presley","Paul-Simon","Alice-Cooper","Eruption","The-Beach-Boys","Billy-Preston-Syreeta","The-Oak-Ridge-Boys","Karla-Bonoff","A-Flock-Of-Seagulls","Styx","Air-Supply","Models","T-Pau","Sade","Real-Life","Mellow-Man-Ace","David-A-Stewart-Introducing-Candy-Dulfer","Das-EFX","Run-D-M-C","Bonnie-Raitt","Brandy","LL-Cool-J","Various-Artists","Wyclef-Jean","Ja-Rule","Clay-Walker","Travis-Tritt","Brad-Paisley","Lil-Mo-Featuring-Fabolous","Linkin-Park","Mario","Tim-McGraw","Hinder","2-Pistols-Featuring-T-Pain-Tay-Dizm","Nickelback","Mike-Posner","Glee-Cast","Neon-Trees","Florida-Georgia-Line","Avicii","Ariana-Grande","Ghost-Town-DJ-s","Luke-Combs","The-Weeknd","Panic-At-The-Disco","Thomas-Rhett-Featuring-Jon-Pardi","Eric-Church"
"41","War","Edward-Bear","Four-Tops","War","Rufus-Featuring-Chaka-Khan","England-Dan-John-Ford-Coley","Chic","New-England","Rupert-Holmes","Cliff-Richard","Stevie-Nicks","After-The-Fire","The-Cars","Luther-Vandross","The-Rolling-Stones","Lionel-Richie","Eric-Carmen","Madonna","Faster-Pussycat","Celine-Dion","Kathy-Troccoli","Boy-Krazy","Aaron-Hall","Adam-Ant","Joe","Luscious-Jackson","Usher","Jesse-Powell","Donell-Jones","Staind","Jaheim-Featuring-Next","Chris-Cagle","Montgomery-Gentry","Gwen-Stefani-Featuring-Eve","Teddy-Geiger","The-Red-Jumpsuit-Apparatus","Lil-Wayne","P-nk","Shontelle","Hot-Chelle-Rae","Ca-h-Out","Luke-Bryan","Kid-Ink-Featuring-Chris-Brown","Sam-Hunt","Meghan-Trainor","Clean-Bandit-Featuring-Sean-Paul-Anne-Marie","Kendrick-Lamar-SZA","Lee-Brice","Gunna-Featuring-Roddy-Ricch","J-Cole"
"42","Cornelius-Brothers-Sister-Rose","The-Rolling-Stones","Gladys-Knight-And-The-Pips","Herbie-Mann","America","Boston","Rare-Earth","KISS","Joe-Walsh","Rosanne-Cash","Rainbow","Donna-Summer","Thompson-Twins","Tom-Petty-And-The-Heartbreakers","The-Bangles","Psychedelic-Furs","Nu-Shooz","Debbie-Gibson","Basia","Riff","Mint-Condition","Sting","M-People","TLC","La-Bouche","Foxy-Brown-Featuring-Jay-Z","Tamia","Fatboy-Slim","Jagged-Edge","Gary-Allan","B2K","Keith-Urban","Lonestar","Amerie","Shawnna","Lil-Boosie-Featuring-Foxx-Webbie","David-Cook","Rob-Thomas","Timbaland-Featuring-Katy-Perry","Lady-Gaga","LMFAO","Ed-Sheeran","Imagine-Dragons","Bandit-Gang-Marco-Featuring-Dro","Bryson-Tiller","Liam-Payne-Featuring-Quavo","Jason-Aldean","Billie-Eilish","Black-Eyed-Peas-X-J-Balvin","Gabby-Barrett"
"43","James-Brown","Gunhill-Road","The-Righteous-Brothers","Tony-Orlando-Dawn","John-Travolta","Tavares","Jimmy-Bo-Horne","The-Kinks","Bobby-Caldwell","Marty-Balin","Huey-Lewis-The-News","Greg-Kihn-Band","Rockwell","Graham-Parker-The-Shot","Van-Halen","Crowded-House","Van-Halen","Love-And-Rockets","Aerosmith","Kane-Roberts","The-Cure","Tag-Team","Da-Brat","Melissa-Etheridge","Collective-Soul","Brownstone","Imajin-Featuring-Keith-Murray","Jay-Z-Featuring-Amil-Of-Major-Coinz-Ja","Backstreet-Boys","Ja-Rule-Featuring-Lil-Mo","Nickelback","Jimmy-Wayne","Los-Lonely-Boys","R-Kelly","Chris-Daughtry","Brad-Paisley","The-Dream","Sugarland","The-Black-Eyed-Peas","Brad-Paisley-Featuring-Alabama","Demi-Lovato","Ace-Hood-Featuring-Future-Rick-Ross","Christina-Perri","Blake-Shelton","DJ-Snake-Featuring-Bipolar-Sunshine","Lauren-Duski","XXXTENTACION","DJ-Khaled-Featuring-Cardi-B-21-Savage","blackbear","Pop-Smoke"
"44","Derek-The-Dominos","Seals-Crofts","Bill-Haley-And-His-Comets","Frankie-Valli","Cyndi-Grecco","Carpenters","Billy-Joel","Roxy-Music","The-Temptations","Joey-Scarbury","Shalamar","Duran-Duran","Go-Go-s","Sting","Prince-And-The-Revolution","Klymaxx","Terence-Trent-D-Arby","Bon-Jovi","Alannah-Myles","The-Rebel-Pebbles","Keith-Sweat","Whitney-Houston","Babyface","Brownstone","Immature","Billy-Lawrence-Featuring-MC-Lyte","Beenie-Man","Martina-McBride","Collin-Raye","Erick-Sermon-Featuring-Marvin-Gaye","Toby-Keith","Da-Brat-Featuring-Cherish","JoJo","Gavin-DeGraw","Dierks-Bentley","Nelly-Furtado","Alicia-Keys","Charice","OneRepublic","Miguel","Gloriana","Bruno-Mars","Beyonce","Rich-Homie-Quan","Tim-McGraw","Maroon-5-Featuring-Future","Offset-Metro-Boomin","Thomas-Rhett","BENEE-Featuring-Gus-Dapperton","Kali-Uchis"
"45","Joe-Tex","Deep-Purple","The-Hues-Corporation","The-O-Jays","Parliament","Shalamar","Frankie-Valli","Liquid-Gold","Carole-King","Stanley-Clarke-George-Duke","Stevie-Wonder","George-Benson","The-Alan-Parsons-Project","Patti-LaBelle","The-Blow-Monkeys","The-Nylons","Aerosmith","Paul-McCartney","Sweet-Sensation","LaTour","Jody-Watley","Ugly-Kid-Joe","Aerosmith","Firehouse","Crucial-Conflict","Richard-Marx","Link","Lila-McCann","Third-Eye-Blind","Jagged-Edge-With-Nelly","Nas","Santana-Featuring-Michelle-Branch","Jet","Destiny-s-Child","Cherish-Featuring-Sean-Paul-Of-The-YoungBloodZ","Tank","Daughtry","Lady-Antebellum","Usher-Featuring-Plies","Zac-Brown-Band-Featuring-Jimmy-Buffett","Flo-Rida","Lil-Wayne-Featuring-2-Chainz","Michael-Jackson","Big-Sean-Featuring-Drake","Drake","Alessia-Cara","A-AP-Rocky-Featuring-Skepta","Luke-Combs","Harry-Styles","Ariana-Grande"
"46","Jr-Walker-The-All-Stars","Jeanne-Pruett","Eagles","Dwight-Twilley-Band","Queen","T-Connection","Love-And-Kisses","Poco","James-Last-Band","Eric-Clapton-And-His-Band","Heart","Eurythmics","Rick-Springfield","Animotion","Rod-Stewart","Motley-Crue","D-J-Jazzy-Jeff-The-Fresh-Prince","Lisa-Lisa-And-Cult-Jam","L-A-Guns","Rick-Astley","Genesis","Kenny-G-With-Peabo-Bryson","Gin-Blossoms","Real-McCoy","Delinquent-Habits","Nine-Inch-Nails","Billie-Myers","Lauryn-Hill","Next","Backstreet-Boys","Tommy-Shane-Steiner","Joe-Budden","Rascal-Flatts","Alicia-Keys","Ashley-Parker-Angel","Taylor-Swift","Trace-Adkins","Dierks-Bentley","Nickelback","Luke-Bryan","Eli-Young-Band","PSY","Miranda-Lambert","Pitbull-Ne-Yo","Charlie-Puth","Katy-Perry-Featuring-Nicki-Minaj","6ix9ine-Featuring-DJ-SPINKING","Dan-Shay","NLE-Choppa-Featuring-Roddy-Ricch","Drake-Featuring-Lil-Baby"
"47","Stevie-Wonder","The-New-Birth","Cher","Ron-Banks-And-The-Dramatics","Paul-Davis","Bette-Midler","Tuxedo-Junction","Gerry-Rafferty","Blondie","The-Manhattan-Transfer","Kool-The-Gang","Stevie-Nicks","Ollie-And-Jerry","Tina-Turner","Starship","Gloria-Estefan-Miami-Sound-Machine","E-U","The-Belle-Stars","Jane-Child","Nelson","Prince-And-The-N-P-G","Boy-George","Arrested-Development","R-E-M","112-Featuring-The-Notorious-B-I-G","Blessid-Union-Of-Souls","Elton-John","Eagle-Eye-Cherry","Backstreet-Boys","Sara-Evans","Celine-Dion","Darryl-Worley","Kenny-Chesney-Uncle-Kracker","Usher","Daddy-Yankee","Billy-Currington","David-Cook","Taylor-Swift","Jaron-And-The-Long-Road-To-Love","Chris-Brown","David-Guetta-Featuring-Nicki-Minaj","Maroon-5","Nicki-Minaj","Meghan-Trainor","Thomas-Rhett","Camila-Cabello","Juice-WRLD","Lil-Baby","Luke-Bryan","Sam-Hunt"
"48","Luther-Ingram","Pink-Floyd","Al-Green","Labelle","The-Don-Harrison-Band","Bob-Seger","Plastic-Bertrand","Billy-Joel","Tommy-Tutone","Steve-Winwood","Bertie-Higgins","Billy-Idol","Yarbrough-Peoples","Robert-Plant","Psychedelic-Furs","Steve-Winwood","Billy-Ocean","Great-White","Michael-Bolton","The-Black-Crowes","Rod-Stewart","Geto-Boys","Huey-Lewis-The-News","Brian-McKnight","Goo-Goo-Dolls","Le-Click","DMX-Featuring-Sheek-Of-The-Lox","Britney-Spears","Marc-Anthony","Tyrese","Paulina-Rubio","Nas","Chingy-Featuring-J-Weav","Rascal-Flatts","LeToya","Beyonce-Shakira","Taylor-Swift","Kanye-West","Young-Jeezy-Featuring-Plies","Bruno-Mars","Maroon-5-Featuring-Christina-Aguilera","Taylor-Swift","Sia","Hozier","Dierks-Bentley","A-Boogie-Wit-da-Hoodie-Featuring-Kodak-Black","Nicky-Jam-x-J-Balvin","5-Seconds-Of-Summer","Tones-And-I","Nicki-Minaj-Drake-Lil-Wayne"
"49","Aretha-Franklin","The-Dells","Charlie-Rich","10cc","Bill-Cosby","Boz-Scaggs","Diana-Ross","Saint-Tropez","Electric-Light-Orchestra","John-Cougar","Journey","Sparks-Jane-Wiedlin","Elton-John","Daryl-Hall-John-Oates","Belinda-Carlisle","Jennifer-Rush-Duet-With-Elton-John","Terence-Trent-D-Arby","Dino","Tommy-Page","Rhythm-Syndicate","Vanessa-Williams","Duran-Duran","Phil-Collins","Shaggy","H-Town","Warren-G","Canibus","Alabama-Featuring-N-Sync","Lee-Ann-Womack","Samantha-Mumba","Lonestar","The-Isley-Brothers-Featuring-Ronald-Isley","Keith-Urban","Trillville-Featuring-Cutty","Paul-Wall","Down-A-K-A-Kilo","James-Otto","Jason-Aldean","3OH-3","YC-Featuring-Future","Nicki-Minaj-Featuring-2-Chainz","AWOLNATION","One-Direction","Florida-Georgia-Line","Disturbed","XXXTENTACION","Dua-Lipa","21-Savage","Polo-G-Featuring-Juice-WRLD","Lil-Baby"
"50","Mouth-MacNeal","Albert-Hammond","The-New-Birth","Melissa-Manchester","Keith-Carradine","Marie-Osmond","KC-And-The-Sunshine-Band","Anne-Murray","Olivia-Newton-John","Carole-Bayer-Sager","Van-Halen","James-Ingram-And-Patti-Austin","Corey-Hart","Commodores","The-S-O-S-Band","Janet-Jackson","Kylie-Minogue","SaFire","Lisa-Stansfield","Wilson-Phillips","Colourhaus","En-Vogue","FRENTE","Fun-Factory","Lost-Boyz","DJ-Kool","Pearl-Jam","Mark-Wills","Clay-Davidson","Crazy-Town","Craig-David","Avril-Lavigne","Yellowcard","Dierks-Bentley","Anna-Nalick","Justin-Timberlake","Rascal-Flatts","The-Black-Eyed-Peas","Joe-Nichols","Bruno-Mars","Zac-Brown-Band","Ciara","Passenger","Echosmith","Alessia-Cara","Linkin-Park-Featuring-Kiiara","Rae-Sremmurd-Juicy-J","Blueface","Lil-Baby","Dylan-Scott"
"51","Godspell","John-Ernest","Graham-Central-Station","Gwen-McCrae","Vicki-Sue-Robinson","Manfred-Mann-s-Earth-Band","Foghat","Rockets","Alice-Cooper","The-Dillman-Band","Neil-Diamond","New-Edition","Michael-Jackson","Depeche-Mode","Pet-Shop-Boys","George-Michael","The-Cover-Girls","The-Outfield","Mariah-Carey","Corina","Mitch-Malloy","Bizarre-Inc","John-Mellencamp-With-Me-Shell-Ndegeocello","Various-Artists","Gloria-Estefan","3rd-Party","The-Verve","Vengaboys","3-Doors-Down","matchbox-twenty","Avril-Lavigne","Ginuwine-Featuring-Baby","Britney-Spears","Fat-Joe-Featuring-Nelly","Jamie-Foxx-Featuring-Twista","Big-Rich","Kardinal-Offishall-Featuring-Akon","Pleasure-P","Avenged-Sevenfold","Enrique-Iglesias-With-Usher-Featuring-Lil-Wayne","B-o-B","Calvin-Harris-Featuring-Ellie-Goulding","Thomas-Rhett","Nicki-Minaj","Ariana-Grande","Migos-Featuring-Gucci-Mane","BTS","Billie-Eilish","Miranda-Lambert","City-Girls"
"52","Humble-Pie","Jerry-Lee-Lewis","Ringo-Starr","Steely-Dan","Brotherhood-Of-Man","Kris-Kristofferson","Paul-Davis-Feat-Susan-Collins","Atlanta-Rhythm-Section","Billy-Joel","Phoebe-Snow","The-J-Geils-Band","Prince","Kenny-Loggins","Gino-Vannelli","Giuffria","Anita-Baker","Johnny-Kemp","Roxette","George-LaMond","Aftershock","Michael-Jackson","Regina-Belle","Gabrielle","Brandy","Bush","Montell-Jordan","Timbaland-Magoo","Kenny-Chesney","Kid-Rock","George-Strait","Gary-Allan","Counting-Crows-Featuring-Vanessa-Carlton","Mase","Shakira-Feat-Alejandro-Sanz","Phil-Vassar","Bobby-Valentino-Featuring-Timbaland","Flyleaf","Jesse-McCartney-Featuring-Ludacris","Lady-Antebellum","Chris-Young","Tim-McGraw","Hunter-Hayes","KONGOS","Billy-Currington","Luke-Bryan","Niall-Horan","YoungBoy-Never-Broke-Again","Kelsea-Ballerini","Chris-Brown-Young-Thug","Chris-Young-Kane-Brown"
"53","Marvin-Gaye","The-Dramatics","Mike-Oldfield","Eagles","ABBA","10cc","Billy-Joel","Bob-Seger-The-Silver-Bullet-Band","Captain-Tennille","John-O-Banion","Vangelis","The-Fixx","Peabo-Bryson","John-Fogerty","Prince-And-The-Revolution","Starship","Steve-Winwood","Fine-Young-Cannibals","Go-West","Simple-Minds","TKA","David-Crosby-Phil-Collins","Patra","Alison-Krauss-Union-Station","Nonchalant","Real-McCoy","S-O-A-P","Sarah-McLachlan","504-Boyz","Aerosmith","Faith-Evans","Linkin-Park","George-Strait","Simple-Plan","LeAnn-Rimes","Green-Day","V-I-C","Plain-White-T-s","Chris-Young","Big-Sean-Featuring-Chris-Brown","Young-Jeezy-Featuring-Ne-Yo","Baauer","Future-Featuring-Pharrell-Pusha-T-Casino","A-Thousand-Horses","Old-Dominion","The-Chainsmokers","Daddy-Yankee","YG-Tyga-Jon-Z","Diplo-Presents-Thomas-Wesley-Featuring-Morgan-Wallen","Moneybagg-Yo"
"54","Eagles","Jim-Stafford","Bill-Withers","The-Spinners","Elvis-Presley","David-Soul","Roberta-Flack","Orleans","Rodney-Crowell","Dave-Edmunds","Blondie","The-Human-League","John-Cougar-Mellencamp","Debarge","Billy-Joel","Surface","Natalie-Cole","The-Cure","Del-Amitri","Poison","Boyz-II-Men","The-Pharcyde","Ice-Cube","Subway-Featuring-702","Billie-Ray-Martin","Hev-D","Garbage","R-Kelly","Toby-Keith","Montgomery-Gentry","Carolyn-Dawn-Johnson","Lumidee","Christina-Milian","Natalie","Saving-Jane","The-Smashing-Pumpkins","Kenny-Chesney","Maino-Featuring-T-Pain","Usher-Featuring-Nicki-Minaj","Martin-Solveig-Dragonette","Wiz-Khalifa","Maroon-5","Brett-Eldredge","Pitbull-Featuring-Chris-Brown","Flume-Featuring-Kai","Kendrick-Lamar-Featuring-Zacari","Morgan-Wallen-Featuring-Florida-Georgia-Line","Chase-Rice","Lil-Baby","Dua-Lipa"
"55","Procol-Harum","Michael-Jackson","The-Guess-Who","Sha-Na-Na","Johnny-Cash-And-The-Tennessee-Three","Jennifer-Warnes","Kayak","Suzi-Quatro-Chris-Norman","The-Invisible-Man-s-Band","Billy-Squier","John-Schneider","Thompson-Twins","Eddy-Grant","Men-At-Work","The-Fixx","Lou-Gramm","Nia-Peeples","Henry-Lee-Summer","Young-And-Restless","Yo-Yo-Featuring-Ice-Cube","The-Outfield","Mary-J-Blige","The-Cranberries","Rod-Stewart","Jay-Z-Featuring-Foxxy-Brown","Jocelyn-Enriquez","Aretha-Franklin","Total","Sting-Featuring-Cheb-Mami","Ray-J-Featuring-Lil-Kim","P-Diddy-Ginuwine-Featuring-Loon-Mario-Winans-Tammy-Ruggeri","Panjabi-MC-Featuring-Jay-Z","JAY-Z","Toby-Keith","Carrie-Underwood","Kelly-Rowland-Featuring-Eve","Ne-Yo","Eminem","Luke-Bryan","The-Band-Perry","LoveRance-Featuring-IamSu-Skipper-or-50-Cent","Krewella","Justin-Moore","Nicki-Minaj-Featuring-Drake-Lil-Wayne","Drake","Darius-Rucker","Charlie-Puth-Featuring-Kehlani","P-nk","Gunna-Featuring-Travis-Scott","Dierks-Bentley"
"56","100-Proof-Aged-in-Soul","Lobo","ZZ-Top","Queen","Johnnie-Taylor","Natalie-Cole","Samantha-Sang","Claudja-Barry","Pat-Travers-Band","Joe-Walsh","The-Steve-Miller-Band","Dave-Edmunds","LaToya-Jackson","Heart","INXS","Gino-Vannelli","Climie-Fisher","Tone-Loc","ZZ-Top","The-Escape-Club","Nirvana","Men-At-Large","Masta-Ace-Incorporated","IV-Xample","Coolio","Michael-Bolton","La-Bouche","Sheryl-Crow","Kenny-Chesney","Dixie-Chicks","John-Mayer","Stacie-Orrico","Brandy-Featuring-Kanye-West","Foo-Fighters","Jason-Aldean","Emerson-Drive","Chris-Brown","Adam-Lambert","Lloyd-Banks-Featuring-Juelz-Santana","Keith-Urban","Havana-Brown-Featuring-Pitbull","Miranda-Lambert","Rascal-Flatts","Sam-Smith","Drake-Featuring-Future","Dierks-Bentley","Lauv","Marshmello-Featuring-CHVRCHES","Pop-Smoke","Jordan-Davis"
"57","John-Lennon-Plastic-Ono-Band-With-Elephant-s-Memory","Bobby-Boris-Pickett-And-The-Crypt-Kickers","Diana-Ross-Marvin-Gaye","Justin-Hayward-John-Lodge","Bro-Smith","Bay-City-Rollers","Odyssey","Leif-Garrett","Roberta-Flack-With-Donny-Hathaway","Kool-The-Gang","Rick-Springfield","Pat-Benatar","Tina-Turner","Natalie-Cole","Magazine-60","Debbie-Gibson","Elisa-Fiorillo","Peter-Gabriel","Motley-Crue","Damn-Yankees","CeCe-Peniston","Johnny-Gill","Xscape","H-Town","Dishwalla","Bill-Engvall-With-Special-Guest-Travis-Tritt","2Pac-Featuring-Eric-Williams","Cher","Destiny-s-Child","Tank","Ludacris-Featuring-Sleepy-Brown","Lil-Kim-Featuring-Mr-Cheeks","David-Lee-Murphy","Webbie-Featuring-Bun-B","Angels-Airwaves","Dashboard-Confessional","Keyshia-Cole","Montgomery-Gentry","Usher","Beyonce","Miranda-Lambert","Phillip-Phillips","Blake-Shelton-Featuring-Gwen-Sebastian","Kid-Ink-Featuring-DeJ-Loaf","Drake","Lady-Gaga","Kenny-Chesney","Offset-Featuring-Cardi-B","Gunna","Miranda-Lambert"
"58","J-J-Cale","First-Choice","Blue-Swede","Consumer-Rapport","Jimmy-Dean","Jackson-Browne","REO-Speedwagon","Kansas","Mickey-Gilley","Tommy-James","Haircut-One-Hundred","Lee-Greenwood","Sergio-Mendes","The-Power-Station","ZZ-Top","Robbie-Nevil","Chicago","Queen","Lisa-Stansfield","Monie-Love-Featuring-True-Image","Tracie-Spencer","Restless-Heart-Featuring-Warren-Hill","Snoop-Doggy-Dogg","Matthew-Sweet","Deborah-Cox","DJ-Taz-Featuring-Raheem-The-Dream","Elton-John","K-Ci-JoJo","Dr-Dre-Featuring-Snoop-Dogg","QB-Finest-Featuring-Nas-Bravehearts","N-O-R-E","Montgomery-Gentry","Avant","Mario","Ashley-Parker-Angel","Carrie-Underwood","David-Archuleta","Kellie-Pickler","Brad-Paisley","Glee-Cast","Brantley-Gilbert","DJ-Khaled-Featuring-Drake-Rick-Ross-Lil-Wayne","Neon-Trees","Ed-Sheeran","Future","Playboi-Carti","Famous-Dex","YK-Osiris","Drake-Featuring-Giveon","Bella-Poarch"
"59","The-Stylistics","Kris-Kristofferson","The-Steve-Miller-Band","Barry-White","Queen","Al-Stewart","Jefferson-Starship","Blondie","Rick-Pinette-Oak","Stephanie-Mills-Featuring-Teddy-Pendergrass","Melissa-Manchester","Devo","Paul-Young","Kenny-Loggins","Sade","Cameo","Gloria-Estefan-Miami-Sound-Machine","Chicago","Billy-Joel","Damian-Dame","Brotherhood-Creed","Big-Mountain","Zhane","Brownstone","Seal","Michael-Jackson","INOJ-LATHUN","Dixie-Chicks","Lucy-Pearl","Sugar-Ray","Tweet","Trapt","Brooks-Dunn","Missy-Elliott-Featuring-Ciara-Fat-Man-Scoop","Paula-DeAnda-Featuring-Baby-Bash","Fantasia","Lifehouse","Daughtry","Carrie-Underwood","Dr-Dre-Featuring-Eminem-Skylar-Grey","Nicki-Minaj-Featuring-Chris-Brown","The-Band-Perry","Jhene-Aiko","Chris-Brown-Tyga","gnash-Featuring-Olivia-O-Brien","YFN-Lucci-Featuring-PnB-Rock","J-Cole","Joyner-Lucas-Featuring-Logic","Gunna-Featuring-Lil-Baby","J-Cole"
"60","The-Preacher-Bobby-Womack","Fred-Wesley-The-J-B-s","John-Denver","Mike-Post","Candi-Staton","Heart","Steely-Dan","Space","Glen-Campbell-Rita-Coolidge","Frankie-Smith","Eye-To-Eye","Loverboy","Robin-Gibb","Klymaxx","Stevie-Nicks","REO-Speedwagon","Ziggy-Marley-And-The-Melody-Makers","Karyn-White","Adam-Ant","Glenn-Frey","Cause-And-Effect","Bon-Jovi","Aretha-Franklin","Corona","Melissa-Etheridge","The-Lemonheads","Loreena-McKennitt","Sporty-Thievz-Featuring-Mr-Woods","Son-By-Four","O-Town","Ying-Yang-Twins","50-Cent","Kimberley-Locke","Anna-Nalick","Blue-October","Papa-Roach","David-Archuleta","Drake","Clay-Walker","Miranda-Lambert","Taylor-Swift","Jennifer-Lopez-Featuring-Pitbull","Lee-Brice","Kanye-West-Featuring-Theophilus-London-Allan-Kingdom-Paul-McCartney","Maren-Morris","Florida-Georgia-Line-Featuring-Backstreet-Boys","Lil-Pump","DJ-Khaled-Featuring-SZA","Lil-Baby-42-Dugg","Billie-Eilish"
"61","Beverly-Bremers","Tower-Of-Power","Nilsson","Supertramp","Johnnie-Taylor","Crosby-Stills-Nash","Toby-Beau","Neil-Diamond","Genesis","Chaka-Khan","Jon-Vangelis","Sheriff","Berlin","Amy-Grant","Jermaine-Stewart","Rock-And-Hyde","John-Mellencamp","Living-Colour","Damn-Yankees","Keith-Washington","Weird-Al-Yankovic","95-South","Ahmad","Naughty-By-Nature","Mary-J-Blige","Christion","Jo-Dee-Messina","Lit","Mya-Featuring-Jadakiss","Toya","Tweet","Shania-Twain","Mis-Teeq","George-Strait","AFI","Ozzy-Osbourne","Ashanti","Kevin-Rudolf-Featuring-Rick-Ross","David-Guetta-Chris-Willis-Featuring-Fergie-LMFAO","T-Pain-Featuring-Chris-Brown","Gym-Class-Heroes-Featuring-Ryan-Tedder","2-Chainz-Wiz-Khalifa","Coldplay","Future","MadeinTYO","Drake-Featuring-Quavo-Travis-Scott","Pitbull-x-El-Chombo-x-Karol-G-Featuring-Cutty-Ranks","YNW-Melly","twenty-one-pilots","Coi-Leray-Featuring-Lil-Durk"
"62","Stephen-Stills","The-Blue-Ridge-Rangers","George-McCrae","Commodores","Bellamy-Brothers","Neil-Sedaka","Pablo-Cruise","Robert-John","Change","Barbra-Streisand","The-Waitresses","Martin-Briley","Psychedelic-Furs","Don-Henley","Peter-Cetera","Steve-Winwood","Suave","The-Cult","Michael-Penn","Keedy","Chris-Walker","Taylor-Dayne","Janet-Jackson","Luniz","Spacehog","Ray-J","JD-Featuring-Da-Brat","Trick-Daddy-Featuring-Trina","George-Strait","Alan-Jackson","Ruff-Endz","Heather-Headley","Jet","Trace-Adkins","Rascal-Flatts","Tracy-Lawrence","Britney-Spears","Kings-Of-Leon","Jerrod-Niemann","Justin-Moore","Travis-Porter-Featuring-Tyga","Jake-Owen","YG-Featuring-Drake","Kelsea-Ballerini","Dreezy-Featuring-Jeremih","Keith-Urban-Featuring-Carrie-Underwood","Post-Malone-Featuring-Nicki-Minaj","Eli-Young-Band","Migos-Featuring-YoungBoy-Never-Broke-Again","Nelly-Florida-Georgia-Line"
"63","Alice-Cooper","Foster-Sylvers","Love-Unlimited-Orchestra","James-Brown","Natalie-Cole","KISS","Chicago","Wet-Willie","Journey","Joe-Dolce","Sparks","Duran-Duran","Laid-Back","Menudo","Trans-X","The-Jets","Whitney-Houston","Rick-Astley","Babyface","Tracie-Spencer","Redhead-Kingpin-The-F-B-I","Onyx","Coolio","Boyz-II-Men","Bryan-Adams","Jon-Secada","Various-Artists","Mariah-Carey","Tim-McGraw","Eden-s-Crush","Brooks-Dunn","Jason-Mraz","Linkin-Park","Nine-Inch-Nails","Brad-Paisley","Amy-Winehouse","Lady-Antebellum","Theory-Of-A-Deadman","Colbie-Caillat","Ace-Hood","Drake-Featuring-Lil-Wayne","Brad-Paisley","Iggy-Azalea","Sawyer-Fredericks","Dustin-Lynch","Logic-Featuring-Alessia-Cara-Khalid","A-AP-Rocky-Featuring-Moby","Maren-Morris","Don-Toliver","Trippie-Redd-Playboi-Carti"
"64","The-Raiders","The-O-Jays","Gene-Redding","The-Charlie-Daniels-Band","David-Bowie","Commodores","Todd-Rundgren","Suzi-Quatro","Van-Halen","Juice-Newton","Kim-Wilde","Scandal-Featuring-Patty-Smyth","Talk-Talk","Dokken","Jeffrey-Osborne","The-Other-Ones","Jody-Watley","Bobby-Brown","Howard-Hewett","Lenny-Kravitz","Annie-Lennox","Elton-John","Jodeci","Elastica","Angelina","Erasure","Five","Pearl-Jam","Rascal-Flatts","Trick-Daddy-Featuring-The-SNS-Express","Kellie-Coffey","Brooks-Dunn","Blink-182","Audioslave","The-Pussycat-Dolls-Featuring-will-i-am","Young-Jeezy-Featuring-R-Kelly","Flobots","Kenny-Chesney","Glee-Cast","Lil-Wayne-Featuring-Rick-Ross","fun","Nicki-Minaj-Featuring-Lil-Wayne","Young-Money-Featuring-Drake","Kenny-Chesney-With-Grace-Potter","Drake-Featuring-PARTYNEXTDOOR","Tee-Grizzley","Foster-The-People","Jonas-Brothers","Florida-Georgia-Line","Young-Thug-Gunna"
"65","Climax-ring-Sonny-Geraci","Diana-Ross","Golden-Earring","Olivia-Newton-John","Lee-Garrett","Rose-Royce","Bob-Welch","Village-People","Kim-Carnes","38-Special","The-Gap-Band","Michael-Jackson","Nik-Kershaw","Jean-Knight","Hooters","Al-Jarreau","Glass-Tiger","Kevin-Raleigh","The-U-Krew","Brandon","Eddie-Money","Mary-J-Blige","Keith-Sweat","Mary-J-Blige","Puff-Johnson","Nu-Flavor-Featuring-Roger","George-Strait","Orgy","Da-Brat-Featuring-Tyrese","Blu-Cantrell","Nappy-Roots","Train","Kevin-Lyttle-Featuring-Spragga-Benz","Craig-Morgan","Jack-Johnson","R-Kelly-Duet-With-Usher","Estelle-Featuring-Kanye-West","Billy-Currington","Jason-Aldean","David-Guetta-Featuring-Flo-Rida-Nicki-Minaj","Kenny-Chesney","B-o-B-Featuring-2-Chainz","Tiesto","Carrie-Underwood","Drake","Thomas-Rhett-Featuring-Maren-Morris","Pusha-T","Lil-Uzi-Vert","Gunna","Jake-Owen"
"66","Carlo-Savina","B-W-Stevenson","ABBA","Glen-Campbell","Wet-Willie","Supertramp","Walter-Egan","Thelma-Houston","Blues-Brothers","The-Moody-Blues","The-Temptations-Featuring-Rick-James","The-Hollies","Queen","Paul-Hardcastle","Patti-Austin","Nona-Hendryx","Depeche-Mode","Roxette","Electronic","Timmy-T","Nice-Smooth","Tina-Turner","H-Town-Al-B-Sure","Foreigner","Sting","Tori-Amos","Salt-N-Pepa","Joe-Diffie","Kenny-Rogers-With-Alison-Krauss-Billy-Dean","Destiny-s-Child","Donell-Jones","Craig-Morgan","Velvet-Revolver","Mariah-Carey","Bo-Bice","Jordin-Sparks","Coldplay","Kris-Allen","Trey-Songz","Rihanna","Dierks-Bentley","Eric-Church","Christina-Grimmie-Adam-Levine","Rihanna-Kanye-West-Paul-McCartney","Pitbull-Featuring-Enrique-Iglesias","Chris-Blue","YG-Featuring-2-Chainz-Big-Sean-Nicki-Minaj","Yo-Gotti-Featuring-Lil-Baby","Jonas-Brothers-Featuring-Karol-G","Lil-Nas-X"
"67","Donna-Fargo","The-South-Side-Movement","Harold-Melvin-And-The-Blue-Notes","Kool-The-Gang","Narvel-Felts","Atlanta-Rhythm-Section","Steve-Martin-And-The-Toot-Uncommons","Maxine-Nightingale","The-Isley-Brothers","Robbie-Dupree","The-Frank-Barber-Orch","Jarreau","Kool-The-Gang","New-Edition","The-Art-Of-Noise-Featuring-Duane-Eddy","Journey","Kool-Moe-Dee","Stevie-B","Tony-Toni-Tone","Londonbeat","CeCe-Peniston","Young-Black-Teenagers","Crystal-Waters","Vanessa-Williams","Lionel-Richie","Joose","Dixie-Chicks","Reba","LeAnn-Rimes","Brad-Paisley","Puddle-Of-Mudd","Tim-McGraw","Monica","Sugarland","Rick-Ross","Boys-Like-Girls","David-Cook","Hurricane-Chris-Featuring-SupaSTAAR","T-I","Eric-Church","Alex-Clare","Lady-Antebellum","Chris-Young","Zac-Brown-Band","Carrie-Underwood","Katy-Perry-Featuring-Migos","Dierks-Bentley","DJ-Khaled-Featuring-Meek-Mill-J-Balvin-Lil-Baby-Jeremih","Gunna","42-Dugg-Roddy-Ricch"
"68","Roberta-Flack-Donny-Hathaway","Anne-Murray","Brownsville-Station","Charlie-Rich","The-Isley-Brothers","Bonnie-Raitt","Barry-Manilow","James-Taylor","Cheap-Trick","Greg-Kihn-Band","Leslie-Pearl","David-Bowie","Duke-Jupiter","Corey-Hart","Neil-Diamond","The-Truth","10-000-Maniacs","One-2-Many","Tommy-Page","Tony-Toni-Tone","Good-2-Go","Sade","Sheryl-Crow","K7","Everything-But-The-Girl","Paul-McCartney","John-Forte","Trina-Tamara","Trace-Adkins","Sarina-Paris","Joe","Kenny-Chesney","Tracy-Lawrence","Dave-Matthews-Band","The-Wreckers","50-Cent","Phil-Vassar","Carrie-Underwood-Featuring-Randy-Travis","Steel-Magnolia","Ronnie-Dunn","Toby-Keith","B-o-B-Featuring-T-I-Juicy-J","Shakira","Jessie-J","Grace-Featuring-G-Eazy","Dan-Shay","Jay-Rock-Kendrick-Lamar-Future-James-Blake","Logic-Featuring-Eminem","Bad-Bunny","42-Dugg-Featuring-Future"
"69","Chris-Hodge","Carpenters","Bachman-Turner-Overdrive","Rufus-Featuring-Chaka-Khan","B-T-Express","The-Jacksons","Dave-Mason","Elton-John","Dan-Fogelberg","The-Gap-Band","Greg-Kihn-Band","Bryan-Adams","Bon-Jovi","Hooters","Gavin-Christopher","Aretha-Franklin-George-Michael","Henry-Lee-Summer","Stevie-B","Don-Henley","Tara-Kemp","Bruce-Springsteen","Luther-Vandross","OutKast","Rappin-4-Tay-Featuring-The-Spinners","Tina-Arena","Mint-Condition","Olivia-Newton-John","Case","Reba-McEntire","Craig-David","Staind","Jeff-Bates","Lenny-Kravitz","Marques-Houston-Featuring-Young-Rome","Taylor-Hicks","Rob-Thomas","George-Strait","The-Ting-Tings","Iyaz","Lil-Wayne","Linkin-Park","Randy-Houser","Tyler-Farr","Zedd-Featuring-Selena-Gomez","Chris-Young-Duet-With-Cassadee-Pope","Russ","David-Lee-Murphy-Kenny-Chesney","Beyonce","Kenny-Chesney","Migos"
"70","The-Guess-Who","Earnest-Jackson","Jimmy-Buffett","Grover-Washington-Jr","Walter-Murphy-The-Big-Apple-Band","Thelma-Houston","Gary-Tanner","Bellamy-Brothers","Allan-Clarke","Jim-Steinman","Quarterflash","Greg-Kihn-Band","Juice-Newton","Boy-Meets-Girl","E-G-Daily","The-Cover-Girls","Aerosmith","Milli-Vanilli","Luther-Vandross","Tevin-Campbell","Laura-Enea","Prince-Markie-Dee-And-The-Soul-Convention","Sudden-Change","U-N-V","Chantay-Savage","KRS-One","7-Mile","Deborah-Cox","Creed","2Pac","Kenny-Chesney","Michelle-Branch","Jadakiss-Featuring-Nate-Dogg","Fantasia","Fall-Out-Boy","Yung-Berg-Featuring-Junior","Sean-Kingston-Featuring-Elan-Juelz-Santana","Alan-Jackson","George-Strait","Mike-Posner-Featuring-Lil-Wayne","DJ-Khaled-Featuring-Chris-Brown-Rick-Ross-Nicki-Minaj-Lil-Wayne","Olly-Murs-Featuring-Flo-Rida","Phillip-Phillips","Fall-Out-Boy","Keith-Urban","Kendrick-Lamar-Featuring-Rihanna","Halsey-Featuring-Big-Sean-Stefflon-Don","Lewis-Capaldi","Gunna","Blake-Shelton"
"71","Elvis-Presley","Willie-Hutch","The-Impressions","Four-Tops","Todd-Rundgren","Rod-Stewart","Joe-Walsh","Rick-James","The-Charlie-Daniels-Band","Get-Wet","Four-Tops","Michael-Sembello","Shannon","Foreigner","Wild-Blue","Mondo-Rock","Billy-Ocean","Surface","Alannah-Myles","B-Angie-B","Giggles","Damn-Yankees","Shai","Usher","Lenny-Kravitz","Westside-Connection","Baby-Talk","Eric-Benet-Featuring-Faith-Evans","Splender","Mark-McGuinn","Amerie","Lil-Jon-The-East-Side-Boyz-Featuring-Ying-Yang-Twins","Clay-Walker","D-H-T","Snow-Patrol","Rascal-Flatts","Taylor-Swift","Jason-Mraz-Colbie-Caillat","Rascal-Flatts","Dierks-Bentley","Trey-Songz","Kip-Moore","KCamp-Featuring-2-Chainz","Kelly-Clarkson","Jon-Pardi","Lady-Antebellum","Blake-Shelton","Megan-Thee-Stallion","JACKBOYS-Featuring-Young-Thug","J-Cole"
"72","Donny-Osmond","Stephen-Stills-Manassas","The-Undisputed-Truth","KISS","The-4-Seasons","Teddy-Pendergrass","Demis-Roussos","Helen-Reddy","Ozark-Mountain-Daredevils","Anne-Murray","Rod-Stewart","Styx","Face-To-Face","Animotion","Atlantic-Starr","Club-Nouveau","Tony-Toni-Tone","De-La-Soul","Timmy-T","Wilson-Phillips","R-Kelly-Public-Announcement","Bobby-Brown","Pretenders","Jill-Sobule","D-Angelo","Sneaker-Pimps","Rockell","Citizen-King","Eric-Heatherly","Aaliyah-Featuring-Timbaland","Creed","Ludacris","Teena-Marie-Featuring-Baby","Frankie-J","E-40-Featuring-T-Pain-Kandi-Girl","Montgomery-Gentry","Blake-Shelton","Adam-Lambert","Diddy-Dirty-Money-Featuring-T-I","Maroon-5","Chris-Brown","Macklemore-Ryan-Lewis-Featuring-Mary-Lambert","Keith-Urban","Canaan-Smith","Drake","Chris-Brown","Brett-Young","Brett-Eldredge","Juice-WRLD","J-Cole"
"73","Bobby-Vinton","The-Manhattans","Oscar-Brown-Jr","Gene-Cotton","Michel-Polnareff","C-J-Company","Jackson-Browne","Bob-Welch","Leon-Haywood","The-Pointer-Sisters","Survivor","Berlin","Alabama","Don-Henley","Bob-Seger","Carly-Simon","Eurythmics","Wang-Chung","Ana","After-7","Black-Sheep","Jodeci","The-Crooklyn-Dodgers","Yaki-Da","Faith-Evans","Faithless","Tracy-Byrd","Silkk-The-Shocker-Featuring-Mystikal","Elton-John","Jessica-Andrews","Toby-Keith","Alan-Jackson","Lloyd-Featuring-Ashanti","Bow-Wow-Featuring-Omarion","Keith-Anderson","The-White-Stripes","David-Cook","Jason-Michael-Carroll","Christina-Aguilera","Jake-Owen","2-Chainz-Featuring-Drake","Imagine-Dragons","Joe-Nichols","Shaggy-Featuring-Mohombi-Faydee-Costi","Adam-Wakefield","Dylan-Scott","Pusha-T","Lunay-Daddy-Yankee-Bad-Bunny","JP-Saxe-Featuring-Julia-Michaels","Drake"
"74","Wilson-Pickett","Chairman-Of-The-Board","Wet-Willie","Kiki-Dee","Crown-Heights-Affair","Meri-Wilson","Joey-Travolta","Cheryl-Barnes-Hair-Soundtrack","Charlie-Dore","Max-Werner","The-Monroes","Dexys-Midnight-Runners","Kim-Carnes","Freddie-Jackson","Andy-Taylor","Donna-Allen","Sweet-Sensation","Tommy-Page","Lightning-Seeds","Daryl-Braithwaite","Aaron-Hall","Tracy-Lawrence","Ovis","Shania-Twain","Oasis","New-Edition","Metallica","Garbage","M2M","Eve-6","Naughty-By-Nature-Featuring-3LW","Chingy","SHeDAISY","Gretchen-Wilson","Joe-Nichols","Daddy-Yankee-Featuring-Fergie","David-Banner-Featuring-Chris-Brown","Seether","Young-Money","Reeve-Carney-Featuring-Bono-The-Edge","One-Direction","Sean-Kingston-Featuring-Chris-Brown-Wiz-Khalifa","Christina-Grimmie","Jidenna-Featuring-Roman-GianArthur","Eric-Church","Cheat-Codes-Featuring-Demi-Lovato","Lil-Baby-Featuring-Gunna-Lil-Uzi-Vert","Luke-Bryan","PARTYNEXTDOOR-Rihanna","Keith-Urban-Duet-With-P-nk"
"75","Johnny-Cash-And-The-Tennessee-Three","Shirley-Bassey","Hoyt-Axton","Bimbo-Jet","The-Beach-Boys","Cliff-Richard","Airwaves","Bette-Midler","Pink-Floyd","John-Schneider","Chicago","Def-Leppard","Bar-Kays","Chaka-Khan","Sly-Fox","Peter-Wolf","Pretty-Poison","Rob-Base-D-J-E-Z-Rock","Keith-Sweat","PC-Quest","Metallica","Boss","Nine-Inch-Nails","BLACKstreet","Luke","John-Mellencamp","Silkk-The-Shocker-Featuring-Master-P-Destiny-s-Child-O-Dell-Mo","Jo-Dee-Messina","Ideal-Featuring-Lil-Mo","Limp-Bizkit","DJ-Sammy-Yanou-Featuring-Do","Joe-Nichols","Elephant-Man","Bowling-For-Soup","Three-6-Mafia","Toby-Keith","Three-6-Mafia-Featuring-Project-Pat-Young-D-Superpower","Young-Money","Kenny-Chesney","Avril-Lavigne","Calvin-Harris-Featuring-Ne-Yo","Blake-Shelton","Tinashe-Featuring-ScHoolboy-Q","Eric-Church","Beyonce","Blake-Shelton","Pusha-T-Featuring-Kanye-West","Meek-Mill-Featuring-Ella-Mai","Regard","Dan-Shay"
"76","The-Undisputed-Truth","Tyrone-Davis","Seals-Crofts","Hot-Chocolate","Carole-King","Mary-Macgregor","Boney-M","Joe-Jackson","The-S-O-S-Band","Rick-James","Rick-James","Linda-Ronstadt","Orion-The-Hunter","Shannon","The-Outfield","Jack-Wagner","The-Contours","Sweet-Sensation","Motley-Crue","Pet-Shop-Boys","Naughty-By-Nature","Gloria-Estefan","Tim-McGraw","Tom-Petty","Weird-Al-Yankovic","OutKast","Deja-Vu","Mya","Big-Punisher-Featuring-Donell-Jones","Faith-Evans-Featuring-Carl-Thomas","Korn","JAY-Z","Alanis-Morissette","The-Game","Goo-Goo-Dolls","Gwen-Stefani","Maroon-5-Featuring-Rihanna","Carolina-Liar","Monica","Zac-Brown-Band","Lupe-Fiasco","David-Guetta-Featuring-Ne-Yo-Akon","Enrique-Iglesias-Featuring-Descemer-Bueno-Gente-de-Zona","J-Cole","Jason-Derulo","Rascal-Flatts","Shawn-Mendes-Featuring-Khalid","Eric-Church","Agust-D","Jason-Aldean"
"77","ZZ-Top","James-Brown","Elvis-Presley","Bee-Gees","Freddy-Fender","The-Isley-Brothers","Jane-Olivor","The-Babys","Joe-Sun","April-Wine","Glenn-Frey","Weird-Al-Yankovic","Tracey-Ullman","Rick-Springfield","Diana-Ross","Simply-Red","Wet-Wet-Wet","New-Order","Jane-Child","Stereo-MC-s","Lisa-Stansfield","John-Michael-Montgomery","The-Conscious-Daughters","Gloria-Estefan","Voice-Of-The-Beehive","Allure-Featuring-NAS","Hi-Town-DJs","Ginuwine","Gloria-Estefan","Olivia","Ashanti","Dru-Hill","Beastie-Boys","Kenny-Chesney","Avant","Alan-Jackson","David-Cook","Jordin-Sparks","Muse","Taylor-Swift","Hunter-Hayes","Kenny-Chesney","Eric-Church","Brantley-Gilbert","Jason-Aldean","Hailee-Steinfeld","Khalid-Ty-Dolla-ign-6LACK","DJ-Khaled-Featuring-Nipsey-Hussle-John-Legend","Jhene-Aiko","Morray"
"78","Bettye-Swann","Mandrill","Diana-Ross","Mac-Davis","Gallagher-And-Lyle","Bad-Company","England-Dan-John-Ford-Coley","Cher","The-Motors","Terri-Gibbs","Bow-Wow-Wow","ZZ-Top","Jenny-Burton-Patrick-Jude","Jack-Wagner","Mai-Tai","Cutting-Crew","The-Moody-Blues","Winger","Alisha","Cartouche","2nd-II-None","II-D-Extreme","Toad-The-Wet-Sprocket","Nuttin-Nyce","Art-N-Soul","Beck","Jimmy-Ray","SHeDAISY","Lonestar","India-Arie","Kylie-Minogue","Staind","Mobb-Deep","Mary-J-Blige-Featuring-The-Game-50-Cent","Taking-Back-Sunday","Mims","Miranda-Lambert","Rascal-Flatts","Timbaland-Featuring-Drake","Foster-The-People","Grouplove","Rich-Gang-Featuring-Lil-Wayne-Birdman-Future-Mack-Maine-Nicki-Minaj","Lady-Antebellum","Wale-Featuring-Usher","Major-Lazer-Featuring-Nyla-Fuse-ODG","Midland","Cardi-B-Featuring-Migos","Florida-Georgia-Line","Gunna","Cole-Swindell"
"79","Gordon-Lightfoot","The-Intruders","Razzy","The-Beach-Boys","Lou-Rawls","Linda-Ronstadt","Debby-Boone","KC-And-The-Sunshine-Band","The-Cretones","Phil-Collins","LeRoux","Gladys-Knight-And-The-Pips","Tony-Carey","Foreigner","Kim-Carnes","Prince","Corey-Hart","Whistle","Quincy-Jones-With-Tevin-Campbell","Scorpions","MC-Luscious","Sunscreem","Sarah-McLachlan","Skee-Lo","Brooks-Dunn","Whitney-Houston","Terri-Clark","Ty-Herndon","Jennifer-Lopez-Featuring-Big-Pun-Fat-Joe","Dave-Matthews-Band","Phil-Vassar","Chevelle","Ying-Yang-Twins-Featuring-Trick-Daddy","Ludacris","Toby-Keith","George-Strait","Toby-Keith","Carrie-Underwood","Christina-Aguilera-Featuring-Nicki-Minaj","Lady-Gaga","Josh-Turner","Carrie-Underwood","Dierks-Bentley","Drake","Belly-Featuring-The-Weeknd","Playboi-Carti-Featuring-Lil-Uzi-Vert","Post-Malone","Summer-Walker-X-Drake","Katy-Perry","Doja-Cat"
"80","Nilsson","The-Temptations","Isaac-Hayes","Billie-Jo-Spears","Bobby-Vinton","Captain-Tennille","Bruce-Springsteen","Pink-Lady","Utopia","Spider","One-Way","Red-Rockers","Timmy-Thomas","Commodores","Robert-Palmer","Prince","The-Jets","Was-Not-Was","The-Black-Crowes","Another-Bad-Creation","L-A-Style","Christopher-Williams","Vince-Gill","Dis-N-Dat-Feat-95-South-69-Boyz-K-Nock","Garbage","George-Strait","Mark-Wills","Robbie-Williams","Before-Dark","Three-The-G-Dep-P-Diddy-Black-Rob","Beanie-Sigel-Freeway","Ricky-Martin","Shania-Twain","Mike-Jones","Dashboard-Confessional","Jordin-Sparks","Nelly-Featuring-Fergie","The-Lonely-Island-Featuring-T-Pain","Justin-Bieber-Featuring-Usher","Mac-Miller","Drake-Featuring-The-Weeknd","A-AP-Rocky-Featuring-Skrillex","Brad-Paisley","Carly-Rae-Jepsen","Alan-Walker","Martin-Garrix-Dua-Lipa","Jennifer-Lopez-Featuring-DJ-Khaled-Cardi-B","Pedro-Capo-X-Farruko","Keith-Urban","J-Cole-Bas"
"81","Donny-Hathaway","John-Denver","David-Bowie","First-Class","Donny-Osmond","Electric-Light-Orchestra","Kraftwerk","Evelyn-Champagne-King","Little-River-Band","Michael-Damian","Cheap-Trick","Carl-Wilson","Dan-Fogelberg","Bruce-Springsteen","The-Bangles","Thompson-Twins","Julio-Iglesias-Featuring-Stevie-Wonder","Pajama-Party","Biz-Markie","David-Hallyday","The-College-Boyz","Neneh-Cherry","Michael-Bolton","Gillette","J-Son","Kenny-G","Do-Or-Die-Featuring-Johnny-P-Twista","Lonestar","Metallica","Jamie-O-Neal","Clipse","David-Banner-Featuring-Lil-Flip","311","Ludacris-Featuring-Bobby-Valentino","LL-Cool-J-Featuring-Jennifer-Lopez","Sugarland","Jason-Mraz","Eli-Young-Band","Glee-Cast","Glee-Cast","B-o-B-Featuring-Taylor-Swift","Capital-Cities","5-Seconds-Of-Summer","Easton-Corbin","OneRepublic","Cole-Swindell","Darius-Rucker","BTS-Featuring-Halsey","Scotty-McCreery","Young-Thug-Gunna-Featuring-Drake"
"82","Tom-Jones","Donovan","Rick-Cunha","Narvel-Felts","KISS","The-Emotions","Bill-LaBounty","Carly-Simon","Player","38-Special","The-Manhattan-Transfer","High-Inergy","Def-Leppard","Rick-Springfield","The-Rolling-Stones","Frozen-Ghost","Taylor-Dayne","Sam-Brown","Joey-Kid","Sandee","Chaka-Khan","Prince-And-The-New-Power-Generation","Morrissey","Tony-Thompson","Ace-Of-Base","Veronica-Featuring-Craig-Mack","Sister-7","Lee-Ann-Womack","NAS-Featuring-Ginuwine","Snoop-Dogg-Featuring-Master-P-Nate-Dogg-Butch-Cassidy-Tha-Eastsidaz","Kenny-Chesney","Martina-McBride","Seal","Teairra-Mari","Ghostface-Killah-Featuring-Ne-Yo","Musiq-Soulchild","Montgomery-Gentry","Adam-Lambert","Enrique-Iglesias-Featuring-Pitbull","Seether","Of-Monsters-And-Men","Hadouken","Wiz-Khalifa","Drake","Drake","Imagine-Dragons","Tyga-Featuring-Offset","Nipsey-Hussle-Featuring-Roddy-Ricch-Hit-Boy","Maddie-Tae","Rod-Wave"
"83","Python-Lee-Jackson","Keith-Hampshire","David-Essex","Gordon-Lightfoot","Firefall","Grace-Jones","Atlanta-Rhythm-Section","Sister-Sledge","Crystal-Gayle","Jermaine-Jackson","Larry-Elgart-And-His-Manhattan-Swing-Orchestra","Joan-Armatrading","Culture-Club","Dead-Or-Alive","Julian-Lennon","The-Robert-Cray-Band","Taylor-Dayne","The-Bangles","The-Cover-Girls","The-Rembrandts","Color-Me-Badd","Aaron-Neville","Seal","Naughty-By-Nature","Men-Of-Vizion","Da-Brat-Featuring-T-Boz","Randy-Travis","N-Sync","Phil-Vassar","The-Corrs","Mario","Foo-Fighters","Buddy-Jewell","Jack-Johnson","50-Cent-Olivia","Sean-Kingston","New-Kids-On-The-Block","Rodney-Atkins","Martina-McBride","Toby-Keith","M83","Zac-Brown-Band","Billy-Currington","Mumford-Sons","Rihanna","Kendrick-Lamar","Post-Malone","Dan-Shay","Future-Featuring-Travis-Scott","J-Cole-Bas-6LACK"
"84","Independents","Jethro-Tull","Jim-Croce","Orleans","Bob-Seger","Celi-Bee-The-Buzzy-Bunch","Kansas","Toto","Humble-Pie","Aretha-Franklin","Change","U2","Cameo","Paul-Hyde-Payolas","Bourgeois-Tagg","The-Whispers","Michael-Bolton","Cutting-Crew","Soul-II-Soul","Thunder","Gerald-Levert-Duet-With-Eddie-Levert","Depeche-Mode","Live","Letters-To-Cleo","Lina-Santiago","JAY-Z","Jay-Z-Featuring-BLACKstreet","Faith-Evans-Featuring-Puff-Daddy","Black-Rob","Azul-Azul","System-Of-A-Down","American-Idol-Finalists","Dilated-Peoples-Featuring-Kanye-West","Jo-Dee-Messina","Gary-Allan","Keith-Urban","Taylor-Swift","David-Cook","Jason-Derulo","Nicki-Minaj","J-Cole-Featuring-Missy-Elliott","Miguel","Usher","Keith-Urban-Featuring-Eric-Church","Yo-Gotti-Featuring-E-40","Drake","Travis-Scott-Featuring-Lil-Uzi-Vert-Kanye-West","NLE-Choppa","Gunna","Travis-Scott-HVME"
"85","Jerry-Butler","Tom-Jones","War","Tamiko-Jones","Foghat","Stephen-Bishop","Kenny-Rogers","Eddie-Rabbitt","Smokey-Robinson","Rush","Ashford-Simpson","Maze-Featuring-Frankie-Beverly","Fire-Inc","Tom-Petty-And-The-Heartbreakers","Krokus","Dan-Fogelberg","Toto","The-Jacksons","D-Mob-With-Cathy-Dennis","Titiyo","Tevin-Campbell","Sting","Tony-Toni-Tone","Keith-Martin","Everclear","No-Mercy","Spice-Girls","Randy-Travis","Clint-Black-With-Steve-Wariner","Coldplay","Scarface-Featuring-Jay-Z-Beanie-Sigel","Blu-Cantrell-Featuring-Sean-Paul","Cassidy-Featuring-Mashonda","Faith-Hill","P-nk","Bon-Jovi","DJ-Laz-Featuring-Flo-Rida-Casely","Eminem","Ciara-Featuring-Ludacris","Marsha-Ambrosius","Jana-Kramer","Brantley-Gilbert","Austin-Mahone-Featuring-Pitbull","Tim-McGraw-With-Catherine-Dunn","Drake","Josh-Turner","Jhene-Aiko-Featuring-Swae-Lee-Or-Rae-Sremmurd","Ozuna-x-Daddy-Yankee-x-J-Balvin-x-Farruko-x-Anuel-AA","Future-Featuring-YoungBoy-Never-Broke-Again","Marshmello-X-Jonas-Brothers"
"86","Detroit-Emeralds","Tanya-Tucker","Tavares","Donny-Marie-Osmond","Tavares","Chuck-Mangione-With-The-Hamilton-Philharmonic-Orchestra","Willie-Nelson","Chic","The-Jags","ABBA","Richard-Dimples-Fields","Dexys-Midnight-Runners","Big-Country","Lisa-Lisa-And-Clult-Jam-With-Full-Force","TKA","Lou-Gramm","Ice-T","Animotion","Fleetwood-Mac","Ice-T","TLC","Boy-Krazy","Candlebox","Roula","Kris-Kross","Tracey-Lee","Christion","Chely-Wright","Aaliyah","Ricky-Martin-Duet-With-Christina-Aguilera","Alanis-Morissette","The-White-Stripes","Musiq","Montgomery-Gentry","Jagged-Edge","Fall-Out-Boy","Dierks-Bentley","Gorilla-Zoe","Glee-Cast","Eli-Young-Band","The-Band-Perry","Tamar-Braxton","Dustin-Lynch","Ciara","X-Ambassadors","Katy-Perry-Featuring-Skip-Marley","Bad-Wolves","Cody-Johnson","Gunna","Justin-Bieber"
"87","Joey-Heatherton","The-Supremes","B-B-King","Ben-E-King","Fools-Gold","Gladys-Knight-And-The-Pips","Jefferson-Starship","Instant-Funk","Firefall","Alabama","Chic","Goanna","The-Human-League","Go-West","The-Del-Fuegos","Wang-Chung","Scorpions","Guy","Taylor-Dayne","D-zyre","Michael-Bolton","RuPaul","John-Michael-Montgomery","Max-A-Million","Genius-GZA-Featuring-Method-Man","Suga-Free","Tim-McGraw","John-Michael-Montgomery","Trick-Daddy-Featuring-Duece-Poppito-Trina-Co","Lionel-Richie","Pilar-Montenegro","2Pac-Featuring-Trick-Daddy","Yung-Wun-Featuring-DMX-Lil-Flip-David-Banner","Faith-Evans","E-40-Featuring-Keak-Da-Sneak","Jason-Aldean","Alan-Jackson","Darius-Rucker","Lee-Brice","Mumford-Sons","Andy-Grammer","Rihanna-Featuring-Future","Craig-Campbell","Nicky-Jam-Enrique-Iglesias","Troye-Sivan","Machine-Gun-Kelly-Featuring-Hailee-Steinfeld","Lil-Skies","Juice-WRLD","Carrie-Underwood","P-nk"
"88","Kenny-Loggins-With-Jim-Messina","The-Crusaders","Mickey-Gilley","Northern-Light","The-Steve-Gibbons-Band","Rose-Royce","Nick-Gilder","Art-Garfunkel","Fleetwood-Mac","T-G-Sheppard","Jeffrey-Osborne","After-The-Fire","Newcleus","Nile-Rodgers","John-Eddie","Tina-Turner","Stevie-B","Samantha-Fox","Seduction","The-Rembrandts","Salt-N-Pepa","Levert","Cracker","Masta-Ace-Incorporated","Horace-Brown","The-Brand-New-Heavies","SWV","K-Ci-JoJo","Yankee-Grey","3LW","Ludacris-Featuring-Mystikal-Infamous-2-0","Loon-Featuring-Kelis","Josh-Groban","Joe-Nichols","George-Strait","Eve","Julianne-Hough","F-L-Y-Fast-Life-Yungstaz","Zac-Brown-Band","Kirk-Franklin","Rascal-Flatts","Labrinth-Featuring-Emeli-Sande","Kid-Ink-Featuring-Chris-Brown","Zedd-Featuring-Jon-Bellion","Young-Greatness","2-Chainz-x-Gucci-Mane-x-Quavo","Playboi-Carti-Featuring-Lil-Uzi-Vert","Jon-Pardi","Eminem-Featuring-Juice-WRLD","Duncan-Laurence"
"89","Barbara-Mason","Roy-Clark","Dave-Loggins","Sammy-Johns","Wayne-Newton","Dave-Mason","Billy-Joe-Royal","Cher","REO-Speedwagon","Shalamar","Ambrosia","Joe-Walsh","Teddy-Pendergrass-And-Whitney-Houston","Kim-Mitchell","Loverboy","The-Gregg-Allman-Band","New-Order","Winger","Linda-Ronstadt-Featuring-Aaron-Neville","Yes","Luke","Jade","Meat-Puppets","The-Human-League","Bush","No-Mercy","Dakota-Moon","Red-Hot-Chili-Peppers","Sammie","Babyface","P-O-D","Sean-Paul","Emerson-Drive","Destiny-s-Child","Rodney-Atkins","Tim-McGraw","Alicia-Keys","Ciara-Featuring-Justin-Timberlake","Young-Money-Featuring-Gucci-Mane","Young-Jeezy-Featuring-Lil-Wayne","Chris-Brown","Easton-Corbin","Ingrid-Michaelson","DJ-Khaled-Featuring-Chris-Brown-Lil-Wayne-Big-Sean","Kelly-Clarkson","Rag-n-Bone-Man","Billie-Eilish-Khalid","The-Chainsmokers-Featuring-5-Seconds-Of-Summer","Thomas-Rhett-Featuring-Reba-McEntire-Hillary-Scott-Chris-Tomlin-Keith-Urban","Imagine-Dragons"
"90","Laura-Lee","Ray-Charles","Smokey-Robinson","Michael-Jackson","Atlanta-Rhythm-Section","Merrilee-Rush","Quincy-Jones","Waylon","Mary-Macgregor","Change","Genesis","Stephen-Bishop","The-Alan-Parsons-Project","Jermaine-Jackson","Starpoint","Stacey-Q","Tiffany","Deon-Estus-With-George-Michael","Andrew-Ridgeley","Gloria-Estefan","Clubland-Featuring-Zemya-Hamilton","Freedom-Williams","Atlantic-Starr","Chris-Isaak","Jordan-Hill","Livin-Joy","Kenny-Chesney","Sammy-Kershaw-Lorrie-Morgan","Britney-Spears","Amanda","Chris-Cagle","Vivian-Green","Modest-Mouse","Jet","The-Fray","Bucky-Covington","Trey-Songz","Asher-Roth","Reba","Kenny-Chesney","Jason-Derulo","Tyga-Featuring-Cedric-Gervais-Wiz-Khalifa-Mally-Mall","Imagine-Dragons","Kendrick-Lamar","Dan-Shay","Maluma","Rich-The-Kid-Featuring-Kendrick-Lamar","Mabel","NAV-Gunna-Travis-Scott","Ryan-Hurd-With-Maren-Morris"
"91","Eddie-Kendricks","The-Spinners","KISS","Nektar","Smokey-Robinson","Detroit-Emeralds","LeBlanc-Carr","Tycoon","Triumph","Paul-Anka","Smokey-Robinson","Nona-Hendryx","James-Ingram","Dolly-Parton-Duet-With-Kenny-Rogers","Honeymoon-Suite","Dan-Hill-Duet-With-Vonda-Shepard","Tracy-Chapman","Animotion","Technotronic","Lisette-Melendez","Tevin-Campbell","Tene-Williams","Juliet-Roberts","SF-Spanish-Fly","Xscape-Featuring-MC-Lyte","Robin-S","The-Kenny-Wayne-Shepherd-Band","Creed","Lara-Fabian","Depeche-Mode","Khia-Featuring-DSD","Good-Charlotte","Slum-Village-Featuring-Kanye-West-John-Legend","Kenny-Chesney","The-Raconteurs","Lifehouse","Death-Cab-For-Cutie","Birdman-Featuring-Lil-Wayne","Eric-Church","Steven-Tyler","Love-And-Theft","Danielle-Bradbery","The-Band-Perry","Thomas-Rhett","Rihanna","Calvin-Harris-Featuring-Future-Khalid","Jordan-Davis","Lil-Dicky","Polo-G-Featuring-NLE-Choppa-Stunna-4-Vegas","Jazmine-Sullivan"
"92","B-B-King","Donald-Byrd","Herb-Alpert-The-Tijuana-Brass","The-Main-Ingredient","The-Supremes","Ram-Jam","Smokey-Robinson","Amii-Stewart","The-Tourists","James-Taylor-J-D-Souther","The-Beatles","Loz-Netto","INXS","Lone-Justice","Animotion","Danny-Wilson","Keith-Sweat","Swing-Out-Sister","Danger-Danger","Michael-Damian","Kris-Kross","Dr-Alban","Meat-Loaf","Des-ree","Geto-Boys-Featuring-Flaj","Trapp-Featuring-2pac-Notorious-B-I-G","Ty-Herndon","Dixie-Chicks","Martina-McBride","Willa-Ford","Rascal-Flatts","Phil-Collins","Lionel-Richie","Keith-Anderson","Dem-Franchize-Boyz","Musiq-Soulchild","David-Cook","Miley-Cyrus","Ke-ha-Featuring-3OH-3","Kenny-Chesney-Featuring-Grace-Potter","Future","T-I-Featuring-Lil-Wayne","Sam-Smith","Meghan-Linsey","Kenny-Chesney","Lauren-Duski","Luke-Bryan","Billie-Eilish","Young-T-Bugsey-Featuring-Headie-One","A-Boogie-Wit-da-Hoodie-Featuring-Lil-Durk"
"93","New-Riders-Of-The-Purple-Sage","Gilbert-O-Sullivan","Flash-Cadillac-And-The-Continental-Kids","Daniel-Boone","Special-Delivery-Featuring-Terry-Huff","Universal-Robot-Band","Linda-Ronstadt","Bee-Gees","Paul-Davis","Blondie","Joan-Jett-the-Blackhearts","Eddie-Rabbitt","Tony-Carey","Bon-Jovi","Force-M-D-s","Suzanne-Vega","Paul-Carrack","R-E-M","KISS","Daisy-Dee","A-Tribe-Called-Quest","Baltimora","Wu-Tang-Clan","Lost-Boyz","Quincy-Jones-Feat-Babyface-Tamia-With-Portrai","Barenaked-Ladies","Blair","Alan-Jackson","Pearl-Jam","Jill-Scott","Angie-Stone","Whitney-Houston","Janet-Jackson","Darryl-Worley","Jack-Ingram","Christina-Aguilera","Lloyd-Featuring-Lil-Wayne","Maxwell","Charice-Featuring-Iyaz","Glee-Cast","John-Legend-Featuring-Ludacris","Fergie-Q-Tip-GoonRock","One-Direction","Eric-Paslay","Beyonce","blackbear","Jake-Owen","Lizzo","Polo-G-Featuring-Lil-Baby","Pop-Smoke-Featuring-A-Boogie-Wit-da-Hoodie"
"94","Dennis-Coffey-The-Detroit-Guitar-Band","The-Chi-lites","Terry-Jacks","Shirley-Caesar","The-Salsoul-Orchestra","REO-Speedwagon","Barry-Manilow","Cheryl-Lynn","Mac-Davis","The-Rovers","Atlantic-Starr","Robert-Ellis-Orral-With-Carlene-Carter","Dwight-Twilley","Philip-Bailey","Sly-Fox","Survivor","Henry-Lee-Summer","LL-Cool-J","Bad-English","Trixter","Ozzy-Osbourne","U-N-V","Boston","95-South","Artie-The-1-Man-Party","Wild-Orchid","Blessid-Union-Of-Souls","The-Offspring","Da-Brat","Blake-Shelton","Travis-Tritt","Cold","A-Perfect-Circle","Kanye-West","Buckcherry","Tim-McGraw-With-Faith-Hill","Flex","Kris-Allen","Easton-Corbin","Rihanna","Blake-Shelton","Jason-Aldean","Ty-Dolla-ign-Featuring-Wiz-Khalifa-DJ-Mustard","Jason-Aldean","Hannah-Huston","Lee-Brice","Maroon-5-Featuring-Cardi-B","Yella-Beezy-Gucci-Mane-Quavo","Polo-G","AJR"
"95","Danyel-Gerard","Mac-Davis","Sylvia-And-The-Moments","New-Birth","The-4-Seasons","Maze-Featuring-Frankie-Beverly","Warren-Zevon","Gloria-Gaynor","Bob-Seger","Sister-Sledge","The-J-Geils-Band","Barry-Manilow","The-Pointer-Sisters","Atlantic-Starr","Jackson-Browne","Cinderella","Pebbles","Vanessa-Williams","The-Cure","Robert-Palmer","En-Vogue","Dolly-Parton-Friends","Lighter-Shade-Of-Brown","Bruce-Springsteen","The-Isley-Brothers","Leah-Andreone","Lisa-Loeb","Nas-Featuring-Puff-Daddy","Brooks-Dunn","Eve","Joe-Nichols","Freeway-Featuring-Peedi-Crakk","Joe-Featuring-G-Unit","Blake-Shelton","Little-Big-Town","Lil-Mama","Ferras","Madcon","Zac-Brown-Band","Colbie-Caillat","Dustin-Lynch","Brett-Eldredge","Shakira","Dillon-Francis-DJ-Snake","Drake","Nicky-Jam","Logic-Marshmello","Nicky-Jam-X-Ozuna","Polo-G","Future-Lil-Uzi-Vert"
"96","Donny-Hathaway-And-June-Conquest","Afrique","Mott-The-Hoople","Wet-Willie","Van-Mccoy","Carrie","Kansas","Eddie-Money","Eagles","Helen-Reddy","Go-Go-s","Planet-P","Pretenders","Daryl-Hall-John-Oates","Wax","Luther-Vandross-with-Gregory-Hines","Denise-Lopez","Edie-Brickell-New-Bohemians","Bad-English","The-Fixx","M-C-Hammer","Shai","Black-Moon","Sophie-B-Hawkins","Kristine-W","Richie-Rich","Davina","Chad-Brock","Dixie-Chicks","Cyndi-Thomson","Maxwell","Red-Hot-Chili-Peppers","Lostprophets","Juanes","Anthony-Hamilton","Fabolous-Featuring-Ne-Yo","Kanye-West-Featuring-Chris-Martin","Yung-L-A-Featuring-Young-Dro-T-I","Gyptian","Don-Omar-Lucenzo","Rita-Ora","Kelly-Rowland","Jay-Z-Featuring-Beyonce","Brad-Paisley","Kiiara","AJR","Ozuna-Romeo-Santos","Maluma","Noah-Cyrus-Leon-Bridges","Thomas-Rhett"
"97","Daniel-Boone","Clarence-Carter","George-Fischoff","The-Manhattans","Sundown-Company","The-Manhattans","Eric-Clapton","The-Tarney-Spencer-Band","Tom-Petty-And-The-Heartbreakers","Steve-Winwood","John-Denver","Walter-Egan","Eurythmics","Chicago","ABC","Club-Nouveau","The-Smithereens","Bad-Company","The-U-Krew","Timmy-T","RTZ","Lords-Of-The-Underground","Smif-N-Wessun","Ol-Dirty-Bastard","Planet-Soul-Featuring-Brenda-Dee","JAY-Z","She-Moves","Montgomery-Gentry","Nu-Flavor","ATC","Sean-Paul","Godsmack","Nickelback","Rihanna","Sean-Paul-Feat-Keyshia-Cole","Beyonce","Panic-At-The-Disco","Toby-Keith","Taylor-Swift","Nicole-Scherzinger-Featuring-50-Cent","Phillip-Phillips","Kelly-Clarkson","Young-Thug","twenty-one-pilots","The-Lumineers","Chris-Stapleton","Post-Malone-Featuring-Swae-Lee","Jason-Aldean","Lil-Baby-42-Dugg","J-Cole"
"98","Sailcat","Andy-Pratt","Johnny-T-Angel","Ike-Tina-Turner","The-Champs-Boys-Orchestra","Brownsville-Station","Bee-Gees","Carrie-Lucas","The-B-52s","REO-Speedwagon","ABBA","Neil-Diamond","Daryl-Hall-John-Oates","Al-Corley","Cherrelle-With-Alexander-O-Neal","Peter-Wolf","Stevie-Wonder-Michael-Jackson","The-Replacements","Michael-McDonald","Michel-le","Midi-Maxi-Efti","Belly","Jocelyn-Enriquez","Bonnie-Raitt","Gravity-Kills","Madonna","Smooth","Collective-Soul","Darryl-Worley","Vertical-Horizon","India-Arie","Fleetwood-Mac","G-Unit-Featuring-Joe","Kem","Busta-Rhymes-Featuring-will-i-am-Kelis","Carrie-Underwood","Chris-Cagle","Glee-Cast","Erykah-Badu","Lupe-Fiasco-Featuring-Trey-Songz","Chris-Cagle","Little-Mix","Lorde","X-Ambassadors","Nicky-Jam","Zac-Brown-Band","Panic-At-The-Disco","YNW-Melly-Featuring-Kanye-West","Gunna","Morgan-Wallen"
"99","Jackie-DeShannon","The-Delfonics","Millie-Jackson","The-Brecker-Brothers","Santana","Walter-Egan","Queen","Frank-Mills","Journey","The-Police","Sammy-Hagar","Patrick-Simmons","Weird-Al-Yankovic","Phil-Collins","Graham-Nash","Cyndi-Lauper","Richard-Marx","Skid-Row","Seduction","Enigma","The-Williams-Brothers","House-Of-Pain","M-C-Hammer","Grand-Puba","The-Presidents-Of-The-United-States-Of-America","Collective-Soul","Daze","Missy-Misdemeanor-Elliott","Ying-Yang-Twins","R-E-M","Isyss-Featuring-Jadakiss","Kiley-Dean","Cherie","Bobby-Pinson","Craig-Morgan","Blake-Lewis","David-Cook","Kanye-West-Featuring-Young-Jeezy","Justin-Moore","My-Chemical-Romance","Michel-Telo","Future-Featuring-Lil-Wayne","Pitbull-Featuring-Jennifer-Lopez-Claudia-Leitte","Luke-Bryan","Fetty-Wap","Enrique-Iglesias-Featuring-Descemer-Bueno-Zion-Lennox-Or-Sean-Paul","XXXTENTACION","Bazzi","Lil-Baby","J-Cole"
"100","Petula-Clark","Electric-Light-Orchestra","Fanny","Sugarloaf-Jerry-Corbetta","Ecstasy-Passion-Pain-Featuring-Barbara-Roy","Bobby-Vinton","Earth-Wind-Fire","Narada-Michael-Walden","Michael-Jackson","Dolly-Parton","David-Bowie","Kenny-Loggins","Yes","Alex-Brown","B-E-Taylor-Group","Kool-The-Gang","Jesse-Johnson","TKA","Whitesnake","INXS","Kym-Sims","MC-Nas-D-DJ-Fred","The-Sounds-Of-Blackness","Ol-Dirty-Bastard","Madonna","Aerosmith","Clay-Walker","T-W-D-Y-Featuring-Too-Short-Mac-Mall","Tracy-Lawrence","Ginuwine","Hoobastank","Missy-Misdemeanor-Elliott","Yeah-Yeah-Yeahs","Mike-Jones-Featuring-Slim-Thug-Paul-Wall","Keyshia-Cole","Blake-Shelton","Seether","Ciara-Featuring-Young-Jeezy","Glee-Cast","Foo-Fighters","Skrillex-Featuring-Sirah","A-AP-Ferg","Shakira-Featuring-Rihanna","Kevin-Gates-Featuring-August-Alsina","Alisan-Porter","Jason-Aldean","Pusha-T","Jhene-Aiko","Surf-Mesa-Featuring-Emilee","Lainey-Wilson"
